X,Y,Z
0.12325,0.243389,0.755361
-0.321435,0.0761682,0.844462
0.190668,0.266776,0.457849
0.0833331,0.147413,1.07207
-0.194704,-0.00727,1.1957
-0.350273,0.0725843,0.831768
0.339253,0.0516454,1.08615
-0.38265,0.0670518,0.815662
-0.742465,0.141449,0.592724
-0.0678617,0.079422,0.902888
-0.296191,0.697249,0.574368
-0.0388497,0.0727143,0.90694
-0.722109,-0.278924,0.575635
-0.0679445,0.0772325,0.904428
0.342653,-0.563965,0.889686
-0.427292,0.0576647,0.789911
-0.631358,0.37308,0.148779
-0.0942487,0.0815891,0.900523
0.252912,-0.12774,1.11399
-0.174657,0.0845965,0.888249
-0.031733,0.637965,0.913149
-0.0681738,0.0794418,0.90316
0.0305848,0.605902,0.789504
-0.538341,0.614281,0.443371
0.0765694,-0.149866,0.989154
0.101461,0.338705,1.19581
-0.370833,0.0689953,0.982574
-0.530183,-0.067227,0.377415
0.0363439,0.506623,1.04462
-0.363388,0.753021,0.671116
0.107397,-0.509006,1.0353
-0.444907,0.246568,0.763739
-0.295528,0.0922789,1.13104
0.197536,0.0838447,1.17919
-0.47861,0.29713,-0.272717
-0.701886,0.254458,0.780113
-0.0295263,-0.579315,0.157495
-0.232424,-0.533921,0.909328
-0.306324,0.715531,0.279045
-0.208138,-0.243027,1.05148
-0.150235,-0.455743,0.602976
-0.401783,0.679147,-0.0222803
-0.374109,-0.0998047,1.17805
0.262002,0.723667,0.133211
-0.171899,0.295297,0.968349
0.0672618,0.271971,-0.0176479
-0.0533962,-0.266724,0.545527
-0.258819,0.0731604,1.21118
-0.734203,0.134085,0.71309
-0.0704122,0.655535,0.349596
0.393389,0.0460339,0.70895
0.359476,-0.308636,0.4989
-0.250838,0.199763,0.794706
-0.70004,0.124379,0.746236
-0.28851,0.848993,0.261048
-0.666881,0.412351,0.777712
-0.429938,0.0403786,-0.243443
-0.130656,0.184947,1.09132
-0.88928,0.138039,0.525115
-0.11154,-0.110636,1.17698
0.374917,0.0607158,-0.0913051
0.144977,-0.0645839,1.05723
-0.226805,0.598384,0.69698
0.160936,0.317713,1.05468
0.234923,-0.0375414,1.12681
0.0393762,-0.167212,1.05756
0.512479,0.242237,-0.111904
-0.348631,-0.356682,0.517402
-0.239838,-0.422519,0.508864
0.631413,-0.300588,0.364148
-0.0974173,0.269025,1.17186
-0.038906,-0.181582,1.06825
-0.0648663,0.224397,-0.121497
-0.539416,0.30801,0.549699
0.161528,-0.423558,0.768163
-0.13243,0.685839,0.186548
0.315262,-0.2449,0.715144
-0.521354,-0.263659,0.948417
0.0255623,-0.387037,0.871604
0.0434123,-0.327137,0.614619
-0.614181,-0.273089,0.103986
-0.422031,-0.333314,1.08561
-0.0811482,0.787192,0.764483
0.327585,0.282599,0.687107
0.0119525,0.210718,1.062
0.307481,-0.374571,0.402142
0.397817,-0.0329762,0.914135
-0.401452,0.661528,0.4199
-0.69638,0.277438,0.350112
-0.103142,0.569467,0.0830295
0.466326,-0.278494,0.876767
-0.0391181,-0.194904,1.23325
-0.304908,0.567116,0.136687
0.44519,0.769569,0.473879
-0.795079,-0.0284783,0.0245896
0.523356,-0.0903829,0.771045
0.373743,0.401956,0.229058
0.518418,-0.079635,0.532302
-0.027459,0.234572,1.11144
0.0547507,0.307017,-0.213744
-0.0788591,0.631899,0.192807
-0.134738,0.056555,1.24388
-0.103569,0.180856,1.23779
0.127956,-0.325548,1.07378
-0.597587,-0.135527,0.893996
-0.853699,0.316939,0.239519
0.399097,-0.221542,0.811695
0.737711,0.312158,0.651937
0.784408,0.320781,0.645502
0.184415,0.682825,0.818894
0.201537,-0.133477,1.13533
-0.57039,0.300937,0.448552
-0.401805,0.361558,0.956163
-0.22519,-0.218623,1.18031
-0.0112619,0.529851,0.232957
0.488342,-0.0836109,0.568792
-0.216714,-0.278921,1.11285
0.698342,0.492097,0.161278
0.280552,-0.363122,0.962008
0.394883,-0.07658,0.608133
-0.269384,-0.492175,0.167064
-0.0115525,0.374626,0.982718
-0.0488033,-0.0427494,-0.202542
0.821898,0.066809,0.678883
0.26503,-0.478688,0.468929
0.0972695,-0.0587969,1.24504
0.178232,0.0674009,1.22766
-0.509981,-0.472225,0.776053
0.178534,0.0939563,1.11959
-0.362824,0.165887,-0.0126088
0.215879,0.776804,0.391797
0.126617,-0.134449,1.03449
-0.392266,0.190799,0.980778
-0.078739,-0.404578,0.712798
0.327571,0.0729493,1.09368
-0.497133,0.654475,0.678389
-0.048741,-0.0299707,1.21112
-0.666348,0.127507,0.321043
-0.495258,0.447562,0.562206
-0.11824,-0.142278,-0.243652
0.302667,0.523509,0.907768
-0.410435,0.0366659,1.00955
-0.448208,0.414796,0.825545
0.275684,-0.345945,0.98882
0.0284306,-0.556677,0.455824
-0.839059,0.167891,0.309188
0.307233,-0.290303,0.774789
-0.835311,0.239434,0.342854
0.266047,-0.254946,0.797514
0.166356,-0.00730246,1.21575
-0.0231574,0.144436,1.10022
-0.223947,-0.277237,0.888982
0.378861,-0.264621,1.00996
0.144218,0.284618,0.55726
-0.183009,0.320268,1.02671
-0.478358,-0.283588,1.01254
-0.378502,-0.457425,0.318649
0.0713345,-0.117279,1.2412
-0.0665144,0.238921,1.09705
-0.618686,-0.143134,1.00788
0.300492,0.463936,0.98476
0.451163,0.0985059,0.681124
0.0651755,0.392973,1.08778
-0.0266719,-0.0703223,1.23092
-0.0480886,-0.325846,0.699838
0.46947,0.375246,-0.0492342
0.573112,0.374008,0.693704
0.640963,0.225671,0.906883
-0.00462442,-0.531825,0.592216
-0.131349,0.270759,1.1664
0.154062,0.864227,0.506041
-0.0219758,-0.142137,0.947707
0.104638,-0.323874,0.651356
-0.409292,0.0830148,0.381023
0.0604627,-0.478773,0.512071
0.0311124,0.546151,0.589381
-0.0611202,-0.262215,0.963319
-0.0313779,0.14841,-0.185143
-0.0258387,-0.00272652,1.23441
0.365098,-0.343269,0.750558
0.0936363,-0.409718,0.967055
0.17303,-0.371052,0.773048
0.0980628,-0.313807,0.805173
0.695228,0.184308,0.686541
0.0903557,0.0300223,1.19726
0.439935,0.206644,0.781964
-0.33622,0.430412,0.216836
0.466236,0.0689903,1.01931
0.653898,0.0683813,0.796667
-0.0695075,0.0338116,1.13617
0.159689,0.245282,1.19579
0.137441,0.445571,0.68533
0.453212,-0.142772,0.570549
-0.393478,0.370054,0.958367
-0.146415,0.316783,0.898289
-0.444983,0.00468073,0.60601
-0.797863,0.206694,0.658622
0.476086,0.00336542,0.114256
0.152735,0.411655,0.682028
0.405501,0.185516,0.0999121
-0.719424,0.119284,0.152571
-0.163882,0.311475,0.987539
0.755245,-0.067286,0.362985
-0.169554,0.403172,0.965831
0.345132,0.138775,0.950202
-0.391302,-0.507602,0.675696
-0.473774,0.263311,0.0128078
0.544502,0.677673,0.407065
-0.546969,-0.250235,1.03278
0.714519,0.101423,0.327107
-0.195901,0.0838684,1.05642
-0.419323,0.126091,0.862538
0.314667,-0.431218,0.420072
-0.584401,0.214308,-0.0292327
0.00466944,0.15815,0.93218
0.371899,-0.0546743,0.746592
0.283622,0.490518,-0.209254
0.654527,0.109024,0.217239
0.344861,0.413642,0.908411
0.621051,-0.139498,0.901365
-0.434065,0.28595,0.143296
0.0744659,0.376094,0.964129
0.0781381,-0.126449,1.09526
-0.0928286,-0.237941,0.478413
-0.264577,-0.19702,1.14154
-0.231318,-0.179079,1.21752
-0.500611,0.0139549,0.915682
-0.0609413,0.405882,0.847515
0.466999,0.672415,0.598997
0.547276,-0.490269,0.442137
0.127904,0.269769,0.995822
0.598666,-0.0163092,1.00575
-0.444412,0.315926,0.378779
-0.194463,-0.247609,1.18852
0.347708,-0.0283682,1.09581
-0.102075,-0.361069,1.11015
-0.517572,-0.305093,0.622836
-0.277498,0.459625,0.695163
0.0529205,-0.295273,0.581594
-0.385287,0.430332,0.163553
-0.493344,0.106581,0.933967
-0.211883,0.728257,0.209
0.0960246,-0.552199,0.771461
-0.0637409,0.755522,0.816138
0.0286484,-0.115165,1.10098
-0.365422,-0.107354,0.755614
-0.248176,0.778581,0.722146
0.262152,0.859887,0.529766
0.177592,-0.405212,0.787496
-0.530069,0.14993,0.39525
-0.0974039,0.211742,1.1769
-0.00771411,-0.559659,0.21511
-0.82959,0.163232,0.00599734
0.266859,0.222932,1.07936
-0.472557,0.117674,0.113987
0.197878,0.463499,0.439602
0.539956,0.381309,0.533793
0.470081,0.744791,0.18762
0.34121,0.270695,0.935175
-0.24521,-0.116999,1.09218
0.374056,0.495251,0.394346
-0.320634,0.0633226,0.963884
-0.316024,0.271068,1.02478
-0.527159,-0.211025,0.878813
0.200921,-0.145164,1.02211
-0.724201,0.30004,0.291318
0.327755,-0.263272,0.62611
-0.365472,0.208079,1.01997
0.73793,0.227059,0.58285
0.102283,0.71776,0.682971
0.523709,-0.239646,0.82404
-0.251505,-0.214147,0.768765
-0.161387,0.280571,1.03147
0.148882,0.398354,0.0895835
-0.0177976,0.748638,0.819745
-0.0830457,0.0846395,1.2402
0.12427,0.0989728,1.18287
-0.588004,-0.447679,0.12798
0.400865,-0.437731,0.53029
-0.637584,0.0638702,0.115872
-0.272496,-0.200248,1.07356
0.113641,-0.423341,1.12349
0.699684,0.338416,0.451798
-0.584494,0.53879,0.45916
-0.538772,0.106979,0.722624
0.13376,-0.236464,1.03818
0.126028,0.440931,1.0411
0.28981,-0.150266,1.05933
-0.109661,0.611809,0.839272
-0.491532,0.63919,0.0594135
0.0521438,0.357863,1.16944
0.460623,-0.299583,0.823793
-0.0480498,-0.379792,0.775237
-0.317098,0.11907,0.6756
0.172377,0.184859,0.862793
0.205627,-0.0401576,1.21952
-0.68448,0.320877,0.299314
0.472746,0.30215,0.756022
-0.824671,0.119581,0.619249
0.607988,0.0213582,0.477032
0.285048,0.337686,0.970101
-0.0507849,0.631637,0.911315
0.33965,0.188039,0.534058
0.348536,-0.180633,1.00399
0.452527,0.184284,0.855424
0.532006,-0.328743,0.578648
-0.0358873,0.74021,0.612772
0.643781,0.345929,0.00544317
0.37788,-0.0155168,1.10166
-0.128469,0.249927,1.10713
-0.460031,-0.287597,-0.261016
0.166703,-0.597456,0.757637
0.290883,0.628349,0.457677
-0.0301918,0.435246,1.07656
-0.418281,-0.35927,0.640212
-0.00984533,-0.561969,0.51141
-0.713817,-0.00978723,0.805847
-0.104374,0.168056,1.14659
0.0405942,0.50745,0.926475
0.0620169,0.182077,1.17796
-0.327766,0.440974,1.0245
-0.113084,0.305032,1.13305
-0.61639,0.0104366,0.803606
0.29624,0.169047,1.1855
-0.799288,0.0502824,0.687119
0.271567,0.0507192,1.07275
0.513239,-0.00763508,0.586083
0.116842,0.597518,0.776321
0.304539,0.393825,0.850965
-0.229115,-0.380982,0.445063
0.110356,0.166779,-0.0897387
-0.0667007,0.904694,0.373409
-0.353897,-0.554988,0.400975
0.502806,0.0353463,0.288203
0.0120494,-0.358302,0.773135
-0.420679,-0.313078,0.506755
-0.263534,0.728623,0.613143
-0.232273,-0.486787,0.570622
-0.603624,0.348428,0.176773
-0.186527,0.340038,0.156153
-0.810396,0.180713,0.337472
0.118198,-0.107454,0.870269
-0.260636,0.613074,0.957257
0.782377,0.189964,-0.0021159
-0.755733,-0.505036,0.436078
0.124296,-0.17219,1.07225
-0.641312,-0.219122,0.665605
-0.39893,-0.191243,1.14996
0.325747,0.485274,0.300249
-0.173327,0.210794,1.1755
-0.218983,0.445698,-0.109568
-0.104995,0.436573,0.961999
0.128643,0.101506,1.1664
-0.133179,-0.132788,0.786315
0.14267,-0.287682,1.12654
0.0436479,0.217366,1.07037
0.270884,0.053794,1.20857
-0.172124,0.704893,-0.135631
0.221778,0.77138,0.776181
-0.0907076,0.271552,0.977422
0.409028,0.144378,0.487018
-0.244947,-0.136136,1.05711
-0.250113,0.45447,0.704137
0.229738,-0.169559,1.01126
-0.271982,-0.00595935,0.912408
-0.136303,-0.0783196,-0.207331
-0.13112,-0.392008,0.94906
-0.527487,0.624768,0.289685
0.0108105,0.342124,-0.334995
0.771642,0.157545,0.308012
-0.748951,0.172735,0.469395
0.2232,0.312468,0.969175
-0.0578397,-0.206909,0.984211
-0.361713,0.519861,0.564406
-0.258888,0.628557,0.328487
-0.712564,0.0731105,0.328816
0.118801,0.806677,0.314068
-0.574149,0.550948,0.0262834
0.368284,-0.0374804,0.248636
-0.372763,0.109598,1.0673
-0.616236,-0.0171564,0.894637
0.462857,0.155143,0.69845
-0.562037,0.0984074,0.505931
0.466734,0.540113,0.167996
0.612493,0.383668,0.646727
-0.518493,0.193227,0.8102
0.104793,-0.0681342,0.832735
0.145529,0.501587,0.74265
0.0901683,0.344268,0.114604
-0.123825,0.371122,1.06837
0.0440371,0.552584,0.755912
0.116373,-0.00419392,-0.0622176
-0.0688138,0.436855,1.07002
0.321775,0.302786,0.711371
0.339888,0.703343,0.487526
-0.733978,0.191661,0.814937
0.620022,0.0888065,0.378024
-0.385626,0.135893,1.12116
-0.520976,-0.267059,0.52364
0.18883,0.105505,1.04005
0.00976758,-0.176312,1.22418
-0.00151946,0.0187707,1.24839
0.193327,0.349685,1.0378
-0.120996,-0.362197,0.889144
-0.338593,-0.176648,0.958444
0.446423,0.189924,0.836596
-0.299434,0.350359,0.163994
0.361346,-0.48213,0.833267
-0.0135199,0.509278,0.308867
-0.390957,0.443806,0.233391
-0.458241,-0.0174965,1.07433
-0.571217,0.425482,0.793537
-0.476297,0.593339,0.284008
0.29681,0.254277,1.07074
-0.213251,0.036118,1.16162
-0.331756,0.697722,0.269743
-0.0920371,0.191503,1.19554
-0.463468,-0.374038,0.742171
0.398927,0.0641761,1.08103
-0.577087,-0.028153,0.614671
0.115629,0.338655,1.16803
-0.291036,0.0786154,1.16201
0.0968807,0.217705,1.03223
0.693652,0.49855,0.286006
-0.147283,-0.343393,0.304711
-0.00932394,0.838738,0.193577
-0.0145974,0.297342,1.11797
-0.0506132,0.292012,-0.0230955
-0.593396,-0.243052,0.669854
-0.0165816,-0.486046,0.81119
0.428455,0.169811,0.903798
-0.200188,0.383455,1.00358
0.168562,0.744573,0.552522
0.0588212,0.631199,0.771672
-0.110365,0.533111,0.462806
-0.642961,-0.108402,0.857025
-0.695665,-0.270887,0.316697
-0.155323,0.132352,1.11517
0.0680356,-0.332889,1.08407
-0.483635,-0.235953,-0.0956926
-0.314278,0.701881,0.48913
0.148206,0.709532,0.845065
-0.732178,-0.145209,0.590924
0.779481,-0.0322937,0.622824
0.525348,-0.112872,0.127162
0.309953,0.196178,-0.0207496
-0.254192,0.476847,-0.301683
0.0698208,0.503343,-0.166333
0.205808,-0.253911,0.596906
-0.200308,0.556681,0.689967
0.599949,0.384919,0.780642
-0.47172,-0.175893,1.01501
0.0182811,-0.231887,1.06261
0.109223,-0.533966,0.801087
-0.212292,-0.218869,0.945741
0.0237966,0.246851,1.15899
0.417783,-0.0617514,1.06922
-0.386997,-0.132056,0.722459
0.432136,0.107198,0.79962
-0.181027,0.768289,0.127975
-0.0873233,-0.403156,0.0999194
0.236502,0.089478,1.19957
-0.0338413,0.382494,-0.00418715
-0.0135988,0.490726,0.865226
0.512228,-0.193345,0.501758
0.672664,-0.0216794,0.41615
0.32205,0.160552,0.698157
-0.620161,-0.137658,0.775863
-0.243842,0.739792,0.322914
0.449532,-0.00658811,0.911036
-0.335732,0.524927,0.892824
0.50588,0.147971,0.819806
0.117046,0.495402,0.734064
-0.289475,-0.126508,1.04992
0.458525,0.443096,0.917943
-0.105021,0.252323,-0.0752766
0.325987,0.678712,0.229845
0.643047,0.384355,0.838839
0.321316,0.261733,1.04063
0.0745537,0.250069,1.1939
0.738203,0.440663,0.42241
-0.659417,-0.352636,0.416227
0.313313,0.299589,0.832155
0.573734,-0.141034,0.292473
0.236832,-0.479811,0.44097
0.436345,-0.270605,0.92918
0.365566,0.752241,0.725681
-0.552052,0.193989,0.237299
-0.526552,0.149933,0.196251
-0.112777,-0.398854,0.661613
-0.168618,-0.222145,1.09357
0.512576,0.63219,0.60285
-0.461346,-0.617819,0.587541
-0.590747,0.356936,0.0311705
0.209931,0.162179,1.22304
-0.641914,0.0446812,-0.287082
-0.493525,-0.555338,0.882765
0.464955,0.119569,0.805162
0.0368149,0.365994,0.918289
-0.0803127,-0.536285,0.756174
-0.138455,-0.471486,0.036064
-0.653737,0.0974754,0.782724
0.232303,-0.0446804,0.948797
0.656008,-0.224342,0.490775
-0.605381,-0.0583435,0.818776
0.640049,0.361644,0.401494
-0.226014,0.137591,1.14565
-0.00276635,-0.415957,0.815836
0.281819,0.447919,0.988975
-0.158758,0.645664,0.34859
-0.169326,-0.364134,1.17207
-0.506221,-0.0601687,0.449261
-0.277579,0.562333,0.398074
0.153263,-0.0648338,0.794082
-0.108507,-0.129668,0.0436505
-0.117296,0.0752429,1.11547
0.780183,0.315315,0.185746
-0.494213,0.25695,-0.116402
-0.50384,-0.230974,0.754914
0.251508,0.712002,0.334158
0.587184,0.508883,0.290454
-0.467795,0.34457,0.79126
0.133053,0.670402,0.405358
-0.653372,0.104486,0.89763
-0.654466,0.514198,0.577055
-0.117421,-0.0903712,0.969467
-0.384242,0.410761,0.993009
-0.287524,-0.157081,1.13336
0.262519,0.517658,0.235282
-0.469358,-0.0138588,0.797386
-0.344277,0.665642,0.178618
-0.186458,0.809874,0.191789
0.134041,0.748847,0.0614179
0.518795,-0.160523,0.871905
0.0115277,0.33758,1.16997
-0.0437647,0.463832,0.888956
0.440581,0.172487,0.366464
-0.753431,-0.421447,0.624
-0.0352482,-0.483013,0.456603
0.0667586,0.823218,0.287234
-0.476913,-0.322738,0.78886
-0.315125,0.678384,0.342113
-0.700052,0.446462,0.719791
0.871943,0.029422,0.452854
0.0746245,-0.0462654,-0.132247
-0.186226,-0.36647,1.01424
-0.243345,0.530588,0.0558604
-0.00793123,-0.223295,1.0917
-0.344036,0.378581,1.10002
0.381298,0.696942,-0.0516999
0.50852,0.266869,0.964595
0.134194,-0.55546,0.872335
-0.155428,0.542638,0.704352
-0.089768,-0.391659,1.05051
0.624158,0.27737,0.878248
-0.216258,-0.325457,1.02463
-0.0982307,-0.0866683,1.15737
0.255816,-0.167679,0.745979
-0.15081,0.856155,0.540252
-0.0141019,-0.0720516,1.26129
-0.115408,0.782754,0.379567
-0.475503,-0.226662,0.97318
-0.220122,0.641661,0.733858
0.145897,0.028806,1.21062
-0.0666715,0.500527,0.101886
0.0911209,0.122166,1.21445
-0.186237,-0.313765,1.08167
-0.781783,0.228535,0.778225
-0.341716,0.341248,0.335918
-0.0953785,0.399805,0.919889
-0.667186,0.401542,0.759091
0.0605429,0.301571,1.05569
-0.194024,0.154444,1.06891
0.337912,0.270837,0.351558
0.356788,-0.0538453,1.11152
0.198861,0.526131,0.491968
0.382657,-0.216562,1.11127
0.467991,0.434933,0.892831
-0.45245,0.787156,0.319085
-0.0988626,-0.318429,0.855391
0.419601,0.0422827,0.889493
0.0975378,-0.381361,0.602355
-0.0457974,0.202765,1.18081
-0.19957,-0.452299,0.384145
-0.0725153,0.696551,0.615119
-0.156936,-0.548767,0.349027
-0.738533,-0.394073,0.415261
-0.295373,-0.0153283,0.981818
-0.363052,0.712522,0.76221
-0.512716,0.105316,0.946929
-0.037781,0.477056,1.05545
-0.299095,-0.0961411,1.20718
-0.0965345,0.0520204,1.18019
0.540411,-0.114278,0.488416
-0.240387,-0.0261866,1.14305
-0.325128,0.496529,0.899406
0.215796,0.601163,0.0825887
-0.258481,-0.194757,-0.121064
0.151464,-0.221578,0.951962
0.256186,0.411939,0.68484
0.627594,0.0702103,0.688434
0.243436,0.467894,-0.150125
-0.426738,-0.516435,-0.130445
0.00818078,-0.473703,1.11004
0.185514,-0.537489,0.902572
0.738644,0.267082,0.585689
-0.212749,0.553664,0.903645
-0.14542,0.0170993,1.08239
0.00861102,-0.398986,0.617927
-0.177322,0.659592,0.398627
-0.408189,0.131271,0.939422
-0.408323,-0.0846807,0.176199
0.491205,0.573584,0.0243882
0.241051,-0.269075,0.688036
-0.364883,-0.481235,0.00382387
-0.503584,0.58123,0.717787
0.0163737,-0.322149,0.797273
0.187939,0.461656,0.794832
0.140779,-0.343744,0.730326
0.0384698,0.70501,0.0712128
-0.643378,0.192825,0.814679
0.305969,0.0474385,0.485404
0.165859,0.509245,0.344004
-0.71202,0.15678,0.398696
-0.5361,-0.269974,0.192673
-0.445479,0.343766,0.702312
-0.119736,-0.223007,1.1516
0.164576,0.599491,0.777308
-0.573031,0.181967,0.674774
0.456981,0.517184,-0.159368
-0.715099,0.135642,0.489792
-0.105014,0.227444,-0.2195
0.48045,0.0884773,0.765907
-0.30923,0.597441,0.722711
-0.762912,-0.262405,0.318341
0.565635,0.38631,0.578721
0.257362,0.0803939,0.0992625
0.0267333,0.237807,1.07941
-0.552843,0.208004,0.839867
0.622265,0.379419,0.777603
0.213874,0.521285,0.961826
-0.581077,0.329037,0.901699
-0.61203,0.18802,0.711278
-0.267049,-0.235082,0.887402
-0.602342,0.481898,0.377347
-0.809568,-0.158299,0.630564
0.251135,0.80082,0.124733
-0.665002,-0.505386,0.673424
0.393517,0.374312,0.767677
-0.222312,-0.255433,1.13822
0.45104,0.356848,0.665086
0.0609993,0.213926,1.18384
0.379605,0.129968,1.15503
0.303418,0.641169,0.590554
0.364656,0.317865,1.11852
-0.681462,0.123711,0.65919
-0.0797802,0.565406,0.819686
0.494746,0.28695,0.297424
-0.214914,0.525271,0.556287
-0.0591489,-0.16742,1.20221
-0.360518,0.619266,0.406658
-0.158386,0.455329,0.446138
-0.581742,0.046782,0.558242
0.187392,0.395541,0.689466
0.722942,0.31078,0.283005
-0.139349,-0.467302,0.741118
-0.247626,0.720531,0.521976
0.370665,0.208331,0.0709793
0.234074,0.135266,1.21344
-0.314913,-0.524162,0.893477
0.525868,0.564664,0.36843
-0.370323,0.226767,1.15584
0.508667,0.13853,0.994823
0.411139,0.434493,0.971165
-0.00713956,0.129959,1.24493
0.181072,-0.28754,0.930232
0.22042,-0.37357,0.814056
0.49859,0.0119506,0.785521
-0.321676,-0.524256,0.666671
-0.495485,0.605513,0.514015
-0.358846,0.162718,1.06277
-0.136834,0.388586,1.0489
-0.436318,-0.172852,0.560455
0.0566824,0.499593,0.958917
0.456055,0.202058,1.06894
0.607931,0.620004,0.118564
-0.464073,0.205855,-0.0969684
0.114498,-0.286813,0.999089
0.288241,0.150693,0.797641
-0.727004,0.21899,0.385833
-0.423588,0.576433,0.22442
0.417817,0.19717,0.174096
-0.337734,0.458276,0.579926
-0.523843,-0.293914,0.683169
0.342745,-0.174655,0.86257
-0.694035,0.394035,0.492522
0.15507,0.499862,0.199993
-0.00479288,0.606367,1.02898
-0.318724,0.258241,1.06805
0.0126839,0.57214,0.787838
0.0403447,0.822014,0.216771
-0.616537,0.102691,0.744865
-0.525027,0.429976,0.828797
0.506786,0.14534,0.676774
0.0386224,-0.437288,0.953314
0.0519019,0.346523,1.12919
-0.175669,-0.333319,-0.0356806
0.384264,0.0255303,0.679376
0.120401,0.33941,1.15419
-0.197781,0.40615,1.0332
-0.0233186,0.0972712,1.17582
-0.153197,0.45858,1.01357
0.541207,0.0326543,1.0023
0.482384,-0.102746,0.184628
-0.656584,0.121933,0.914735
0.0223831,-0.499279,0.317518
-0.551606,0.16761,0.0769278
0.0791092,-0.151614,1.16455
-0.0284519,-0.538922,0.456476
0.437226,0.465725,0.800226
-0.584084,0.482461,0.762034
0.25061,0.462569,0.856316
0.0781368,-0.562843,0.50487
-0.803941,0.00927338,0.000806519
0.372788,0.0540741,1.02902
0.353192,0.732292,0.459541
0.0962908,0.653007,0.613833
0.737826,0.195423,0.6741
0.0966263,-0.176009,1.14564
-0.359873,0.444187,0.245316
-0.311322,-0.0103616,0.831404
-0.750735,-0.17854,0.384844
0.0765641,-0.00995277,0.8925
-0.565193,0.229571,0.639368
-0.341916,-0.182777,0.893232
0.683567,-0.0761508,0.78467
0.511547,-0.314073,0.781618
-0.465883,0.635435,0.784345
0.00141805,0.172757,0.73717
0.279338,-0.416554,0.57153
-0.330415,0.265986,1.08824
-0.428249,-0.124382,0.887015
0.260096,-0.140614,0.686059
0.444803,0.156988,1.00293
0.354204,-0.0490465,0.923111
0.515187,0.43399,0.0249009
0.28065,0.0879888,0.519463
-0.342819,0.294081,1.08396
-0.769549,0.445016,0.530454
-0.532005,0.73681,0.202247
0.225708,-0.394593,0.640779
0.253918,0.134529,-0.00544078
-0.517125,0.1712,0.430597
0.315976,0.148363,0.814063
0.244218,0.0981373,1.01017
0.308455,-0.106774,1.17214
-0.0590715,0.254873,1.01703
-0.0479768,0.0260476,1.09838
-0.249422,0.650956,0.630815
0.49611,-0.102348,0.43055
0.166044,0.40674,-0.0638651
-0.749441,-0.298032,0.767692
0.376334,0.420542,0.865661
-0.100289,0.173445,1.16647
0.447961,-0.398704,0.549841
0.123912,0.105635,1.14333
0.359142,-0.0367433,0.928521
0.355812,0.398043,0.50678
-0.744869,0.160983,0.71145
0.412728,0.308967,0.314679
-0.443682,-0.062953,1.10968
0.103472,0.814546,0.129755
0.504085,0.337471,0.699518
-0.062195,-0.419367,-0.00259453
-0.459035,0.382434,0.320137
0.142614,0.507822,0.942669
-0.537502,-0.217011,0.959322
-0.492317,0.372067,0.70485
0.678691,0.331877,0.161372
-0.566474,0.429854,0.538109
-0.338431,-0.392524,0.754967
0.25522,0.410389,1.04951
-0.208887,0.356034,1.04954
0.667935,-0.0791339,0.466393
0.544046,0.0168038,0.942132
0.262287,0.384839,1.046
-0.548564,-0.0462516,0.982902
-0.462858,0.237198,0.0342456
-0.453588,0.263881,0.370668
-0.191773,0.752238,0.638293
-0.172883,0.405007,0.502567
-0.413054,-0.105559,0.308195
0.319138,-0.0731731,1.04801
0.023623,0.145797,1.21425
-0.308939,-0.131276,1.14982
0.537866,0.0599532,0.535671
-0.567248,0.178337,0.127856
-0.21157,-0.0934215,1.02648
-0.0224605,-0.37819,0.844037
-0.0378952,0.802907,0.0701052
0.150659,0.181566,1.11955
-0.660684,0.460151,0.389676
-0.646612,-0.376544,0.864203
-0.238746,0.58202,0.726159
0.541043,0.3692,0.573849
-0.0434843,-0.164623,0.998377
-0.133833,-0.164297,1.07984
0.695971,0.140755,0.637024
0.407216,-0.320859,0.46301
0.674737,0.130238,0.171526
-0.802458,-0.137623,0.751373
0.407003,-0.0161244,0.989644
0.0570797,-0.459931,0.768633
0.281139,0.173993,0.66038
0.10908,0.0843923,1.17788
0.0666364,0.783822,0.235168
-0.601541,0.441006,0.00419226
-0.459054,0.709646,0.033499
-0.129698,0.0294143,1.23086
0.357582,0.519846,0.800512
0.128964,-0.214354,1.13213
-0.245098,0.352897,1.06699
-0.29619,-0.159852,0.937837
-0.0694915,0.189618,1.15421
0.334399,0.344357,0.783191
0.402781,0.481933,0.901964
0.148061,0.615277,0.34579
-0.291236,0.55493,0.669215
0.414226,0.454981,0.825525
0.0263198,0.64499,0.574482
-0.257478,0.678679,0.533379
0.411027,0.390223,0.0364317
-0.0921193,0.593144,0.482878
-0.363293,-0.527324,0.598001
-0.308309,-0.620424,0.387543
-0.354431,-0.424545,1.04349
0.701283,0.125694,0.235058
-0.523147,0.375509,0.325149
0.0646246,0.0731465,1.23705
0.328233,0.75262,0.212636
-0.57819,-0.327408,0.36031
-0.182283,0.489267,0.81176
-0.0776193,0.537285,-0.118007
0.670462,0.609008,0.417525
0.201228,-0.158328,0.608382
0.20347,0.28011,0.965375
-0.542907,0.183483,0.155354
-0.0702129,0.863817,0.473761
0.408112,0.205064,1.03427
-0.0524203,0.62318,-0.0292954
0.627049,0.527878,0.215471
-0.313542,-0.195712,0.128088
-0.145588,0.0125833,0.887622
0.556396,-0.183653,0.623094
-0.124858,0.26369,0.935226
-0.102613,0.36319,1.08678
-0.127286,-0.453012,0.786841
-0.125378,0.511227,0.880966
-0.21391,0.814592,0.475027
0.322217,0.433735,0.889822
0.456496,0.501386,0.224126
-0.861569,-0.134172,0.445664
0.0868909,0.843227,0.704638
0.350945,0.283249,1.12125
0.0290271,-0.174762,0.87102
0.653658,0.116785,0.705773
0.461856,0.47851,0.248101
0.148167,0.75068,0.221246
-0.5184,0.612679,0.422395
0.410223,0.61872,0.0259823
0.264103,-0.227054,1.17906
-0.214721,0.69032,0.586567
-0.0531167,0.323834,1.17586
0.470818,-0.0350253,0.989429
-0.412013,0.471734,0.249512
-0.240734,0.035319,0.969157
0.467005,0.0941974,1.0809
-0.0641548,-0.560174,0.461565
0.411733,-0.15769,-0.083055
0.54271,0.43021,0.831545
0.0243423,0.324491,1.11618
-0.296214,-0.524017,0.488289
0.228973,-0.13908,0.787761
0.0393745,-0.117993,1.21096
0.208313,-0.178374,1.10866
-0.643308,0.370901,0.785413
0.556988,0.594939,0.111541
0.000472656,0.42304,0.949961
0.0283804,0.505802,0.355022
0.45574,0.0370809,0.448995
0.329594,0.297502,0.534936
0.335709,0.0850944,1.02207
0.0520039,-0.0997468,1.07058
0.171239,0.732804,0.186426
-0.69028,0.14884,0.682495
0.314833,0.00878292,0.863346
0.687172,0.448847,0.214266
-0.807372,0.302227,0.435935
0.500138,0.372968,0.28574
0.397626,0.456212,0.762271
-0.140783,0.769428,0.549422
-0.514042,0.38469,0.57763
0.108604,0.442282,1.12738
0.338228,-0.140841,0.677871
0.105075,0.0443541,1.18584
0.207898,0.542685,-0.00531836
0.249661,-0.368334,0.817001
-0.393801,-0.126328,0.453885
0.55618,0.00445785,0.83474
0.773922,0.0542252,0.385068
-0.678388,0.356623,0.553799
-0.010037,0.620108,0.0950363
-0.0165577,-0.510354,0.62012
-0.616341,0.0826319,0.780748
-0.269021,0.45611,0.855561
-0.271383,-0.0615032,0.82796
-0.67708,-0.411437,0.392969
0.647693,-0.0803026,0.751518
0.254073,-0.260522,0.658225
-0.00730814,0.756808,0.63848
0.404774,0.233338,0.734209
0.0948493,-0.291246,1.05177
-0.0592843,0.790178,0.076348
0.0377706,-0.183394,0.886727
-0.521064,0.330107,0.271086
0.269812,-0.00711546,0.543705
-0.796409,0.326869,0.160542
0.461077,0.101476,0.827313
0.282472,0.336936,-0.0802788
0.0900589,0.692835,0.245731
-0.514764,0.554517,0.813338
0.117427,0.391418,1.08778
0.0781155,0.182067,1.07278
-0.163013,0.0986298,1.19566
0.421787,-0.0847551,-0.0614605
0.201454,0.311707,1.18057
-0.281356,0.132061,1.03505
-0.328243,0.0587243,1.19439
-0.161019,-0.157554,1.23101
0.326371,0.688553,0.773108
0.809141,0.136078,0.176503
-0.101755,-0.0511638,0.924489
0.332355,-0.32896,0.712506
-0.535578,0.13681,0.738411
-0.198353,0.0593941,0.947278
-0.577655,0.393059,0.598561
0.0910165,-0.0393275,1.15978
0.0898924,0.0693333,1.25463
-0.220222,0.0350576,1.08255
-0.124933,0.558013,0.293572
0.464891,0.265054,0.954271
-0.0965406,0.298937,0.0636117
0.266316,-0.0303488,1.18682
-0.213019,0.276885,0.981649
-0.297838,0.741777,0.567161
0.782752,0.453035,0.177707
-0.749516,0.0877998,0.549177
0.402389,-0.300431,0.553623
-0.282997,0.503358,0.51254
-0.431815,0.241329,0.98973
-0.675847,0.370154,0.363346
0.462541,-0.0530283,0.889814
0.271472,-0.340676,0.494899
0.587047,-0.0563423,0.955579
-0.21942,0.15302,1.00732
-0.198286,-0.421271,0.891511
-0.392813,0.4788,0.686436
-0.654351,-0.253187,0.79739
-0.558131,0.0839065,0.532534
-0.546105,0.554524,0.629395
0.0728859,0.582328,0.18758
0.285503,0.409465,0.359956
0.281762,-0.21707,1.09445
-0.587771,-0.232354,0.798847
-0.161747,-0.560787,0.483871
-0.460719,-0.0640078,0.265264
-0.859632,-0.252954,0.182351
0.540616,0.400737,0.744957
0.527926,-0.184596,0.303428
0.0558257,0.601312,0.945465
0.199926,-0.379286,1.00545
0.203227,-0.410325,0.714425
-0.64699,-0.326944,0.648111
0.00475559,0.468166,1.07156
-0.0190961,-0.0780956,1.22668
-0.807696,0.0347006,0.429004
-0.245191,0.558926,-0.0764156
0.169681,0.470886,0.182481
-0.36395,-0.0322667,0.794687
0.128004,-0.138082,1.21094
-0.577918,0.130761,0.26198
-0.706713,-0.464426,0.102965
-0.101488,0.131103,1.0968
-0.41417,-0.166925,0.0728682
0.55321,0.56854,0.788535
0.471581,0.578174,0.744113
0.15265,0.271066,1.04576
0.357075,0.061594,1.1173
0.568199,0.343331,0.320242
0.702138,0.472173,0.364383
-0.0232034,0.26272,0.818258
-0.475438,0.584567,0.336019
0.401898,0.0345189,1.12435
-0.0558071,0.618564,-0.06855
-0.324777,0.603317,0.843495
0.11377,0.561463,0.782231
-0.191903,-0.268123,1.16431
0.423049,-0.309135,0.0489073
0.236437,0.08829,1.04086
-0.624278,0.0816094,0.116208
0.118248,0.663585,0.378441
0.093713,0.884251,0.392913
-0.627198,0.552713,0.217804
-0.0653138,0.690188,0.555609
-0.393099,0.550103,0.876866
-0.24269,-0.135143,1.20251
-0.285083,0.115536,0.879809
0.124713,0.439548,1.0246
-0.29765,0.204963,-0.0688047
-0.24908,0.162878,1.06314
-0.542143,0.0874658,0.895359
0.15659,-0.187382,1.13438
0.110017,-0.352508,1.06934
-0.643483,-0.244611,0.842371
-0.0266664,0.855601,0.412741
0.689552,-0.206838,0.650416
0.265587,0.28356,1.09835
-0.186687,0.562492,0.0309957
-0.466035,-0.197634,0.794987
-0.41176,0.574459,0.195947
-0.130226,0.711847,0.847136
-0.239822,-0.375742,0.773821
0.0964441,0.691984,0.157627
-0.854827,-0.125992,0.244828
0.332167,-0.521257,0.453561
0.576827,-0.264943,0.353253
0.672445,0.137778,0.773451
0.302513,0.196082,1.01424
0.0841746,0.618618,0.756157
-0.367946,-0.299008,-0.185798
0.125483,-0.327143,0.884087
0.347885,-0.233706,0.817286
-0.199735,0.332688,1.05899
0.275314,0.411589,0.885964
0.312404,-0.186168,0.997139
-0.348119,-0.0725702,1.07462
0.65363,0.121626,0.854668
-0.0479167,0.763675,0.395098
-0.730538,-0.123119,0.333809
-0.140087,0.418108,1.02413
0.237946,0.583171,0.446572
-0.16613,0.535014,0.699193
-0.324945,0.326137,1.00653
0.20803,-0.0629919,0.833921
0.0690659,0.905653,0.35385
0.163674,0.199832,1.02127
-0.101652,0.209881,0.0306792
0.437906,0.315248,1.0912
-0.629403,-0.312056,-0.116461
-0.430489,-0.477606,-0.00204545
0.380478,-0.0925405,0.77542
0.504699,0.552081,0.207052
-0.0331152,0.720753,0.09422
-0.0549864,-0.473736,0.0808895
0.591384,0.257341,0.0800232
0.215932,-0.14187,0.781357
-0.233627,0.721085,0.703775
0.594929,0.298813,0.365971
-0.351667,-0.0229063,0.990291
-0.243663,0.734614,0.60281
-0.676406,0.290192,0.575992
0.720403,-4.17412e-05,0.496982
-0.496363,-0.145749,0.393726
-0.307629,0.355047,0.908898
0.000232399,0.151247,-0.246432
-0.00663452,0.617613,0.87927
0.317954,-0.418718,1.00164
0.349245,0.279203,0.955701
0.0669455,-0.371975,0.959661
-0.0743493,0.188999,1.16744
-0.0877672,-0.347526,0.655053
0.488743,0.679445,0.189646
-0.639552,-0.0869762,0.66373
0.385272,0.505516,0.84542
0.341985,-0.0161685,-0.0414912
0.576321,0.6408,0.469232
-0.251507,0.56138,0.552884
-0.0966359,0.245662,1.177
-0.603789,0.233212,0.885481
0.380087,-0.285009,0.673867
0.113005,0.240725,-0.114531
-0.132978,-0.350252,0.840115
0.443496,0.579595,0.602293
-0.357333,0.44481,0.351409
-0.262541,-0.569108,0.336831
0.503634,0.238995,0.871235
0.139466,0.515758,0.134237
-0.0846181,-0.0907038,1.13004
0.26386,-0.139868,1.17808
0.126546,0.70014,0.640199
0.150796,0.493289,-0.0243325
0.621602,0.514922,0.308651
0.00959391,-0.125111,1.07374
0.139101,0.638397,0.419352
0.287171,-0.0485138,1.18839
0.441157,0.255409,0.751316
-0.121357,0.492161,0.304133
0.467292,0.0236852,-0.021541
0.577101,-0.373398,0.258327
-0.306767,0.461028,0.344014
-0.222298,0.712422,0.168578
-0.379474,-0.0907838,0.0713766
0.439637,0.439976,0.91481
-0.365818,0.114981,1.1158
-0.0611338,0.411668,0.967433
0.691245,-0.157131,0.54627
0.106548,-0.507357,0.878016
-0.1124,-0.527419,0.241259
0.398726,-0.320852,0.812971
0.424625,0.20408,0.808503
-0.123265,-0.446379,1.05212
-0.146423,0.44039,0.859183
-0.24504,0.263853,1.14167
0.593736,0.657825,0.405663
0.249824,0.113877,1.18542
0.691643,-0.387537,0.342259
0.176275,0.806316,0.721654
-0.174795,0.458825,0.436772
-0.563764,0.141551,0.782352
-0.759651,0.269935,0.390267
-0.389678,-0.489307,0.795497
-0.0145063,-0.0623701,1.12393
0.528032,0.165951,0.0485392
0.756207,0.265659,0.36628
-0.255387,-0.370808,0.408602
0.506157,-0.0568583,1.08452
-0.50431,0.683281,0.466788
-0.492316,0.51242,0.777719
0.136007,0.527461,0.387773
0.407929,0.717449,0.0447192
0.175691,0.439673,0.989636
-0.11017,-0.324278,1.02461
-0.501149,0.32145,0.901535
0.217991,0.60758,0.461142
-0.378087,0.481558,0.699685
0.0268223,-0.138657,1.23235
-0.329096,0.525422,0.361848
-0.838211,-0.120798,0.206188
-0.229098,-0.494262,0.874079
-0.307803,-0.620247,0.582786
0.516064,-0.116622,0.851561
-0.131105,0.301711,1.15259
-0.45343,-0.132864,0.689861
-0.500394,0.491608,-0.0953084
-0.251886,-0.415852,0.907246
0.305703,-0.186905,0.56607
-0.0439885,-0.140899,1.13432
-0.485467,0.0254412,1.05222
0.460623,0.519212,0.93533
-0.750792,-0.0789628,0.470604
0.46886,0.18867,0.409609
0.485247,0.261886,1.06697
-0.142868,-0.604289,0.515553
0.567811,0.30056,-0.00704891
-0.0750156,0.722043,0.173926
-0.0762942,0.470396,0.973287
-0.171699,0.160737,1.17341
-0.247414,-0.40816,0.573162
-0.300396,-0.0188146,0.31401
0.358233,-0.107434,0.857191
0.177075,-0.400434,0.903799
-0.150208,0.386289,0.796926
-0.645413,-0.041243,0.574047
0.174017,-0.219061,0.835713
-0.737459,-0.365818,0.756011
0.318178,0.367065,0.45499
0.524006,0.0974723,0.872871
0.172621,0.407573,0.985958
0.337967,0.0882596,1.16314
-0.284128,-0.400895,0.261318
0.312364,0.142702,0.939553
-0.217055,0.17028,0.925347
0.33536,0.468514,0.575072
0.0163819,-0.190889,0.982522
-0.385267,0.398104,0.0418346
0.438575,0.599425,0.250713
-0.00725608,-0.126375,1.10788
0.22761,0.535936,0.194991
-0.429061,0.558629,0.308218
-0.359626,-0.289959,0.548482
0.186852,-0.218364,0.806875
-0.296714,0.862086,0.454262
0.661029,0.591545,0.341958
0.699597,-0.263381,0.390834
-0.136746,0.698364,0.8376
0.500029,0.501025,0.000330675
-0.0065937,-0.0387323,1.08758
-0.0262971,-0.431632,0.802098
-0.134241,0.357219,1.11665
-0.173842,0.728884,0.845762
-0.56469,-0.243602,0.810654
-0.211771,0.0624111,1.19356
0.240325,0.272579,0.849007
0.398933,-0.143339,0.766201
0.692724,0.40525,0.728871
0.642045,0.344364,0.815982
0.868378,0.229393,0.272126
-0.429666,0.106913,0.877002
0.130468,0.168859,1.18343
-0.215734,0.0927966,1.10856
-0.127025,-0.584379,0.547898
0.437645,0.106494,-0.219556
-0.294021,0.688962,0.764177
-0.558956,-0.289831,0.550084
-0.407273,0.521635,0.730586
0.300818,0.82737,0.51327
0.321454,-0.46611,0.156676
-0.190469,0.806081,0.425571
0.0777193,0.637902,0.822785
-0.213972,-0.0280989,1.19854
-0.199962,0.603931,0.675
-0.333212,-0.489345,0.439851
-0.619292,0.311666,0.0198708
0.111968,0.251389,1.1507
-0.740807,0.0558372,0.335728
-0.383102,-0.161496,0.910503
-0.624679,0.108311,0.646153
-0.632904,0.337842,0.579732
0.251673,0.00990869,1.11775
-0.449104,0.118776,-0.284643
0.0514428,-0.144021,1.15706
-0.410372,-0.116821,1.01623
-0.0678904,0.471698,0.564528
-0.0141912,-0.293545,1.08768
-0.372745,0.450025,0.294032
0.521428,-0.0677584,0.327733
0.391146,0.59338,0.529194
0.102421,-0.22524,0.028653
-0.360247,0.128009,1.11929
-0.451164,-0.0845846,0.4835
-0.32638,-0.557513,0.658607
-0.0811549,0.466318,0.859355
0.833226,0.324999,0.384316
-0.320372,0.594997,0.911325
0.0178113,0.751593,0.812111
0.153436,0.361004,1.03622
0.540553,0.297732,0.529211
-0.416082,0.168094,0.666703
0.586752,-0.168309,0.854599
0.50671,0.434903,0.26146
0.0726516,-0.121281,1.02352
0.150913,0.716121,0.593812
-0.00111084,-0.450265,0.506491
0.570405,0.00137759,0.916976
0.433325,0.360337,0.783495
0.167281,0.320422,0.577894
-0.15933,-0.360187,0.653414
0.652688,0.638775,0.408166
-0.720222,-0.156325,0.445852
-0.253022,-0.408337,0.778702
0.578961,0.468201,0.400935
-0.329574,0.148668,1.1082
-0.301583,0.684788,0.596471
0.20152,0.723248,0.739925
-0.867038,0.300603,0.403674
-0.245653,0.52897,0.919494
0.0285741,0.222924,1.04984
-0.397463,-0.457514,0.919646
-0.137625,0.549926,0.668623
0.0315494,-0.305059,0.841257
0.015437,0.0930026,1.02443
0.279595,-0.208631,0.822414
-0.566022,0.147247,0.863842
0.0848976,-0.530378,0.684041
-0.10012,0.325518,1.01332
-0.315812,-0.0987547,0.459054
-0.521758,-0.389566,0.745178
-0.15878,-0.0284021,1.22052
0.735052,0.335135,0.523648
-0.0321556,-0.29932,-0.059426
0.219674,0.639634,-0.0267953
-0.693452,0.508472,0.467468
-0.250721,0.247854,1.13471
0.727253,0.0149782,0.693238
0.443147,0.299091,0.961569
0.141232,0.129603,1.14697
-0.726696,-0.303115,0.261772
-0.20648,0.446686,1.03098
-0.758809,0.31794,0.55742
-0.191449,0.285388,1.06549
0.283907,0.277853,0.783199
-0.162324,-0.00403491,1.13673
0.464053,0.286097,0.401785
-0.00579465,-0.0634271,1.16617
-0.194962,0.420052,0.589854
-0.444888,-0.21308,0.76469
0.166063,0.859735,0.275199
0.703016,-0.116352,0.255645
-0.576313,-0.449368,0.884284
0.546429,-0.349436,0.728667
-0.333782,0.581387,0.484414
-0.857203,-0.0958176,0.556937
0.55434,0.0144986,-0.0988556
-0.467061,0.406203,0.197093
-0.554187,0.202601,0.572778
-0.273875,0.104167,0.164901
0.168026,-0.512128,0.888603
0.239409,-0.137132,1.06449
0.0608777,-0.10511,1.07617
0.30225,0.548745,0.70265
-0.255261,-0.611228,0.337483
-0.197724,0.65829,0.491238
0.416028,0.423647,0.152926
-0.233376,0.18578,1.18988
0.090119,0.674347,0.619766
-0.555515,-0.117405,0.911476
0.226447,0.719849,0.850332
-0.0992624,0.540574,0.680595
0.345867,-0.37367,0.865789
0.303794,0.0572265,1.16339
-0.205745,-0.279493,0.538743
-0.26015,0.208191,0.977785
-0.794857,0.164609,0.515457
-0.223683,-0.382542,1.14658
-0.0421361,-0.290497,1.10339
0.600112,0.40504,0.157267
0.496633,0.394352,0.399057
0.366591,0.134272,0.67375
0.49203,0.76035,0.339791
-0.0826892,-0.252334,1.18036
0.0831708,-0.323843,0.706134
-0.54502,-0.455765,0.315884
-0.163332,0.079683,-0.207365
0.726977,0.249606,0.747861
-0.0098186,-0.551669,0.989647
-0.057916,-0.235426,1.2131
0.691253,0.239765,0.563026
-0.0319662,-0.302343,1.15961
-0.618412,0.233619,0.587497
-0.349148,0.524052,0.526189
-0.390524,-0.183218,0.943502
0.0598932,0.0123859,1.22445
-0.498082,-0.530869,0.407913
-0.31878,0.494642,0.764855
-0.45243,-0.102402,1.11144
0.420476,0.62497,0.012867
-0.61038,-0.0516234,1.01405
0.0146615,0.187972,1.14842
-0.203732,0.871436,0.308441
0.165215,-0.408612,1.07841
-0.054538,0.744584,0.771943
0.749618,0.446643,0.526603
0.483397,0.585883,0.374638
-0.293414,0.704829,0.784816
-0.300725,0.732004,0.576004
0.136356,0.461115,-0.0985726
0.0929835,0.0200223,1.15065
0.517915,-0.145473,0.922844
-0.0691821,-0.143042,1.08104
-0.0194352,-0.195363,0.731851
0.282048,0.0349137,0.812211
0.181881,-0.302633,1.15499
-0.689865,-0.267951,0.401158
-0.176967,0.257067,0.735558
0.243073,0.557921,0.657744
-0.277778,-0.470611,0.732858
0.55217,0.285755,0.641619
-0.434444,0.0721226,1.02921
0.485093,0.669623,0.617956
0.261079,0.461489,0.96413
0.434258,0.345208,0.577636
-0.000118792,0.0677835,1.1053
0.361097,0.247627,0.931876
-0.733792,-0.393547,0.307565
0.113071,-0.0291635,1.13871
0.143946,0.189139,1.04818
0.384283,0.423646,-0.214396
-0.512325,-0.0646112,0.413226
0.0838341,0.225466,0.914467
-0.142714,-0.475289,0.69996
-0.372388,-0.376161,0.722444
-0.546006,0.576213,-0.0174119
-0.122574,-0.141922,1.06252
0.0557201,-0.326115,1.0068
0.581758,0.255899,-0.145929
-0.433373,-0.0176822,1.10622
0.0618588,-0.635585,0.399608
0.22964,0.0997343,0.910886
-0.537943,0.342749,0.842593
-0.501572,0.15084,0.926591
-0.514836,-0.596932,0.463852
-0.418517,0.774743,0.468824
0.343027,-0.0790409,0.768069
0.0476909,-0.180311,1.02433
-0.351097,0.549691,0.833218
-0.0440304,0.90506,0.511425
0.0536439,-0.299764,1.19982
0.44789,0.470825,0.538257
0.483775,0.477489,0.0870534
-0.146256,0.203817,1.21387
-0.301454,-0.00795669,1.01612
0.248874,0.460186,-0.211466
0.365951,0.369648,0.591434
0.00668477,0.0946249,-0.0583682
-0.538037,0.418046,0.163382
-0.384991,-0.0412992,1.04197
-0.000142721,-0.349413,0.903606
-0.346601,0.219361,0.947072
0.205354,-0.0321084,0.938276
0.449298,0.670496,-0.0343022
-0.0576848,0.324599,1.19912
-0.415513,-0.165261,0.119536
0.119974,0.477286,0.749854
0.639093,-0.124621,0.849704
-0.373174,0.768174,0.275815
0.103753,0.488997,0.414165
-0.703296,0.00874446,0.782846
0.572828,0.181172,0.821487
0.468498,0.161236,0.816255
0.785264,0.47114,0.450696
-0.596048,-0.115078,0.733801
0.532929,0.0101905,-0.317069
-0.648773,-0.51504,0.735016
-0.37659,0.545956,0.944591
0.495817,0.584651,0.117366
-0.0407549,0.162474,-0.136619
-0.179012,0.275573,1.0127
-0.512138,0.246333,1.05588
0.127452,0.104053,1.11852
-0.368419,0.633427,0.778659
0.183976,-0.254375,1.15173
0.386103,0.106705,0.252869
0.00850336,0.279038,1.18227
0.762623,0.267927,0.498946
-0.747336,-0.0391459,0.614491
-0.523846,0.508226,-0.0213745
0.339737,0.613123,0.460565
0.0785479,0.14553,1.07418
0.419236,-0.267128,0.722085
0.429391,0.114594,0.93142
-0.181112,0.683334,0.488551
-0.0249723,0.117945,1.14109
-0.496618,-0.00807696,0.38005
-0.281087,0.622833,0.394677
-0.0104394,-0.564404,0.938185
-0.0791179,0.453179,0.861292
-0.17786,0.666931,0.543547
-0.48565,0.100924,0.451243
0.0831577,0.892553,0.48005
0.0201482,-0.382729,0.492595
0.26368,0.212136,0.516834
0.204582,0.534659,0.911872
-0.0985406,-0.604121,0.603135
-0.193649,-0.427515,0.322093
0.00255865,0.581235,0.121375
0.409433,0.00203168,-0.014786
0.379218,0.19639,1.10947
-0.195102,0.616526,0.775253
0.285745,0.122033,0.699144
-0.575392,0.47163,0.644501
-0.379721,0.419094,-0.101995
-0.356808,-0.639713,0.874768
0.709632,-0.156908,0.52905
0.151921,0.496008,0.648665
-0.055513,0.536803,0.241502
-0.270843,0.0517675,1.14216
-0.518287,0.0222146,0.882094
0.0786048,-0.249307,1.06271
0.0150695,-0.417757,0.912233
-0.264582,0.369471,0.0395694
0.258201,-0.223857,0.568115
-0.683917,0.0380517,0.726296
0.461503,-0.237102,0.735168
0.394985,0.419735,0.795516
-0.833843,0.342334,0.484126
0.326268,0.142739,0.961343
-0.546909,0.140411,0.478187
-0.209195,0.188445,1.148
-0.00596661,0.650256,0.747807
-0.381018,0.449542,-0.144146
-0.455443,-0.214195,0.913541
-0.621527,0.294033,0.428757
-0.105823,0.686337,0.684427
0.342874,-0.155058,0.869031
0.0378267,0.181965,0.761422
-0.665025,0.0639976,0.750653
0.277786,-0.0373963,1.11159
-0.253891,-0.694466,0.54303
0.635448,-0.0452974,0.846581
0.540533,0.28906,0.747663
0.0787723,0.413307,0.939732
0.257306,0.684121,0.214754
-0.178499,0.535243,0.00780484
-0.248936,-0.544343,0.997004
-0.855942,-0.0638943,0.580401
-0.418262,0.232051,-0.0922182
-0.17327,-0.284129,0.56645
-0.0858061,-0.130289,1.17121
0.171585,-0.229155,1.02118
0.81477,-0.0165738,0.323592
0.268527,-0.133071,0.990106
0.489592,0.181588,0.509701
-0.125832,-0.682242,0.911062
0.547617,0.57799,0.612183
-0.156881,0.347336,-0.000561454
0.0576435,0.859814,0.649149
-0.108877,0.402226,0.588051
0.199774,-0.291745,1.06905
0.330564,0.0685035,1.09642
-0.265679,-0.193693,-0.234833
-0.544185,-0.477625,0.750827
0.184081,0.0131673,1.15507
-0.229017,0.187092,1.1828
-0.0593663,-0.324282,0.74205
-0.529333,-0.190045,0.249822
0.470981,0.704433,0.41256
-0.133526,0.825581,0.430278
0.255296,0.158707,0.824478
-0.188102,0.743657,0.620773
0.373421,0.34359,0.262074
-0.459259,0.652134,0.354273
-0.456482,-0.0473172,1.09823
-0.586595,0.212001,0.370116
0.151486,0.307494,1.04211
0.240135,0.252705,0.802252
0.477344,0.281297,0.576598
0.582782,0.410349,0.208375
-0.11109,-0.15104,0.929451
0.000981309,0.661701,0.724405
0.044778,0.906172,0.50651
-0.526164,0.548231,0.560799
0.323436,-0.228418,0.869669
-0.520634,0.318535,0.326348
-0.224585,0.246497,0.927408
-0.0698117,-0.0620553,1.24319
0.0349678,0.308826,1.1445
0.0713424,-0.17458,1.17388
0.551843,0.325606,0.46296
0.179811,0.307085,-0.094957
0.759257,-0.176929,0.193622
-0.527924,-0.129701,1.0393
-0.040273,0.536146,0.541547
-0.600427,0.337508,0.687105
0.165596,0.427124,1.11289
0.197759,0.280761,0.536169
0.38444,0.543418,0.313908
0.604049,-0.0893269,0.584341
-0.509263,0.388693,0.749359
0.234878,0.617546,0.700144
-0.18379,0.415711,0.93936
-0.0277376,-0.419099,1.03534
0.11799,0.803765,0.600623
-0.558852,0.390762,0.718812
0.550191,0.448899,0.853866
-0.263532,0.701772,0.50333
0.321345,-0.396288,0.872066
0.511414,0.321397,0.631266
-0.202123,0.895568,0.219672
0.562434,-0.304757,0.900041
0.446816,-0.0704019,1.07086
0.0567653,0.334653,1.09876
0.855952,-0.0292507,0.134307
0.157865,0.316572,1.02151
0.209069,0.825501,0.515551
0.506867,-0.139491,0.283574
-0.151356,0.571286,0.14579
0.404321,0.456934,0.904532
-0.86008,0.270547,0.439129
0.84264,0.142296,0.683617
-0.26838,-0.126565,1.11604
0.490739,0.00999758,0.570053
0.336171,0.720946,0.221963
-0.268192,-0.320527,0.927381
0.235306,0.272114,0.996836
0.2799,0.451208,0.267951
0.566422,0.640673,0.489147
-0.312342,-0.00686997,1.12141
-0.85485,0.182757,0.282978
-0.268283,0.48635,0.681204
0.0492084,0.0947432,1.21059
0.204216,0.244203,1.11965
-0.0164609,-0.0800984,1.16095
0.423323,0.23795,0.538226
0.415919,-0.238532,0.737071
0.64902,-0.0719899,0.296426
0.141906,0.614009,0.721997
-0.503277,-0.497312,-0.0679338
0.134048,-0.461827,0.66494
0.0901223,0.127482,0.647043
0.152459,-0.170409,0.886288
-0.316318,0.412684,0.993878
-0.14383,0.122306,-0.0856238
-0.175452,0.389189,1.08875
-0.761381,0.37751,0.379496
-0.481326,0.307991,0.798452
0.82611,0.269195,0.58184
-0.386724,0.64983,0.307436
-0.687599,0.109131,0.156784
-0.265175,-0.582169,0.250766
-0.314448,0.1815,0.431965
-0.584935,0.363005,0.642418
-0.26955,-0.408072,1.01803
-0.580146,-0.0265733,-0.0153438
0.204526,0.480539,0.720931
-0.164307,0.514823,0.0545301
0.701661,0.00103195,0.771347
-0.34271,-0.0280918,1.0529
0.315097,-0.213374,1.03893
-0.342127,0.795197,0.100128
0.604333,0.280172,0.978435
0.0820232,-0.385181,0.492462
-0.0592336,0.726961,0.554084
0.0782006,0.61982,0.888057
-0.233021,-0.171654,1.11948
-0.148282,-0.479592,0.770107
0.464432,-0.0373484,0.880711
-0.259845,-0.403414,0.876129
-0.624844,0.65303,0.416171
-0.464207,0.234841,0.959644
0.100103,0.0872071,1.0233
-0.276862,-0.0283433,0.737946
0.0103058,0.9034,0.42415
0.0517177,0.493637,-0.121098
0.127657,0.170195,1.16255
-0.382555,0.576682,0.127355
0.105815,0.586201,0.902787
-0.297428,-0.0512921,0.977218
-0.0150482,0.146914,1.13093
-0.185676,0.594243,0.419027
-0.28766,-0.117774,1.15853
-0.00522144,-0.298177,0.889761
0.197357,0.146499,1.08702
0.137207,0.339356,0.740264
-0.0981053,-0.39286,1.05612
0.103572,0.314042,1.08457
-0.504061,-0.0253156,0.966946
0.344571,-0.297759,0.883284
-0.0821748,0.503162,1.1129
0.178906,0.511597,0.855609
-0.231037,-0.145991,0.582261
0.25294,-0.0131697,1.12735
-0.601979,0.274891,-0.0275729
0.284078,0.314218,0.983944
-0.463629,0.50284,0.794707
-0.0996678,0.517502,0.996038
-0.460626,0.357012,0.932044
-0.170757,0.825341,0.239003
-0.35312,0.1933,0.764703
0.5031,-0.302806,0.627701
0.351406,-0.0736411,1.11624
-0.136411,0.124001,1.1198
0.560194,0.13765,0.94624
0.0481228,0.220501,1.17988
-0.336154,0.623053,0.880364
0.514698,-0.134199,0.69525
0.781729,0.250985,-0.0019965
-0.0752011,0.174613,1.05893
-0.0408932,0.385345,1.17675
0.0331174,-0.497283,0.874625
0.344256,-0.480424,0.677964
-0.163108,0.111589,1.0117
-0.491698,0.151475,0.409683
0.558802,0.601582,0.213582
-0.439895,-0.381124,0.958464
-0.447975,0.397009,0.904576
-0.484928,0.198687,0.268876
-0.739882,-0.36326,0.740038
-0.0569338,-0.406861,0.896643
-0.148681,0.555788,0.0344046
-0.0574316,0.526653,0.786494
-0.447881,0.287271,0.64851
0.675735,-0.263057,0.306991
-0.768429,-0.19161,0.720193
0.115488,-0.140422,1.23327
0.492541,0.310126,0.92565
-0.405581,-0.241524,1.07162
0.41366,0.00167551,0.876304
-0.703685,0.0353695,0.422638
0.531615,-0.216919,0.874173
0.388322,0.410097,0.288697
0.61374,0.456076,0.66187
-0.367645,0.487094,0.995907
-0.27485,0.0739156,1.21727
-0.632494,0.38605,0.675035
-0.264822,0.212352,0.59094
0.556108,0.407405,0.293823
-0.618834,0.334205,0.911634
0.243415,-0.211518,0.685332
0.252729,0.346719,0.907734
-0.427608,0.57265,0.586019
-0.480779,0.592979,0.582316
-0.294372,-0.534941,1.01067
0.701665,0.374916,0.489801
0.134847,0.48399,0.854782
-0.158308,0.643371,0.810076
-0.479144,0.332701,0.634716
0.460707,0.036477,0.822754
0.0673405,-0.446273,1.03387
0.62881,-0.330371,0.719436
-0.161531,0.238376,1.19431
-0.18874,-0.122036,1.09366
-0.194151,0.741568,0.522255
-0.223806,0.18575,0.00615493
0.272949,0.407985,-0.161656
0.0915979,0.687013,0.949982
0.479298,0.256402,1.00623
-0.658974,-0.200744,0.6158
-0.339356,0.35287,0.932264
-0.486793,0.394818,0.800265
0.0181411,0.235908,1.19926
-0.322439,0.0648286,1.09725
0.0779258,-0.396499,0.425289
-0.203118,-0.143018,1.19025
-0.00959889,0.557507,0.78654
0.303594,-0.453052,0.709588
0.492033,-0.137436,0.578898
0.257037,0.723388,0.292111
-0.317207,0.0838216,0.748563
-0.159433,0.241848,0.956765
0.0222173,-0.660454,0.914508
0.438585,0.0677957,-0.080821
0.56809,0.3028,0.895509
0.139767,0.186053,1.06969
0.330945,0.216345,1.00478
0.794337,0.131429,0.59076
0.221924,-0.24094,0.750277
-0.597719,-0.141147,0.710885
-0.440588,0.441433,0.838858
-0.167246,0.203963,0.947396
0.796867,0.1414,0.548816
-0.453855,-0.138521,0.975526
0.106854,-0.514382,0.810864
0.254951,0.692745,0.68304
0.237959,0.66665,0.646822
-0.210282,0.636171,0.137713
-0.303171,0.503271,0.890362
0.628363,-0.239667,0.883369
0.355901,-0.0387801,0.981065
-0.6284,0.278052,0.798162
-0.135109,-0.422996,1.07884
0.447207,0.210064,0.889702
-0.346006,-0.132576,0.161883
0.377184,0.618542,0.54047
0.550076,0.213395,0.858735
0.0904149,-0.0925816,1.23421
0.504293,0.425275,0.914308
-0.390435,-0.0593838,0.77673
0.780973,0.148948,0.758577
0.279909,-0.143904,0.730313
-0.752619,0.00595767,0.203985
0.849982,-0.0574943,0.580675
0.662663,0.33067,-0.00298286
-0.831262,0.104816,0.535913
0.227026,-0.472005,0.418667
-0.0510228,0.822871,0.354651
0.694202,0.326781,0.246253
-0.434178,-0.676732,0.384696
0.28848,0.104996,0.952897
-0.341928,-0.389456,0.709519
-0.268866,0.693776,0.0662984
-0.314354,0.766395,0.197954
0.303727,0.464277,1.00545
-0.319004,0.101088,0.0494104
0.154206,0.60717,0.789084
-0.531239,-0.174283,0.961116
-0.176691,0.127165,-0.149183
0.189379,-0.382013,0.59184
0.209546,0.649361,0.595346
-0.262534,-0.377514,1.11984
0.198461,0.415928,0.684571
0.11199,0.543687,1.00691
0.0212231,-0.0871315,1.22315
0.171965,0.511887,0.709563
0.31787,-0.145689,0.781399
-0.733309,-0.0249681,0.823087
0.219079,-0.185234,0.814851
-0.51003,-0.323455,0.755057
0.184364,-0.251288,0.879734
0.596702,-0.499307,0.552468
-0.367689,0.6728,-0.0178601
0.109288,0.583006,0.98941
-0.616619,-0.224954,0.966671
-0.184394,-0.398874,0.880542
0.279584,-0.361509,0.651956
0.325664,0.787805,0.0951401
0.310588,0.0251835,1.08817
0.0505401,0.656925,0.628233
-0.157765,-0.291722,1.01938
-0.168116,0.484574,0.976481
0.485078,-0.243241,0.759675
0.0950081,-0.482271,0.795892
-0.493223,0.530072,0.828238
0.295992,0.393962,0.611486
0.185649,0.064551,1.13383
-0.15779,0.313577,0.224673
-0.179767,-0.464908,0.920521
-0.771307,-0.307341,0.497731
-0.369531,0.543978,0.718804
0.604268,0.247762,0.812257
-0.292245,0.0694426,1.1709
0.0835388,0.752506,0.837333
0.401954,-0.317046,0.872182
0.290146,-0.152085,0.664506
0.145454,-0.390794,1.09609
-0.631607,-0.418975,0.128396
0.33413,0.141991,0.132132
0.00394134,-0.0663394,1.12251
0.180868,0.502942,0.677978
0.0591436,-0.386471,1.05073
0.523243,0.555229,0.569807
0.458681,-0.203101,0.22029
-0.562165,0.567204,0.458382
-0.334337,-0.242915,0.360287
0.734131,0.305801,0.167948
0.322688,0.859429,0.352577
0.102529,0.487484,0.922835
-0.215011,0.727274,0.488116
0.0403841,0.41973,0.0946092
0.144701,0.740985,0.182019
0.557282,0.210619,0.493256
-0.0821903,-0.354134,1.00394
0.184441,0.338045,1.01702
0.5263,0.0040053,1.0539
-0.181531,0.44383,1.02668
0.0835411,0.405909,0.945893
-0.623217,0.23642,0.717963
0.636288,0.334307,0.903343
0.245367,0.452,0.0960076
0.0738676,-0.241279,1.18271
-0.0301434,0.306436,1.05488
0.553579,0.0610875,1.03701
0.405203,0.539596,0.0217565
-0.420277,-0.180643,0.689503
-0.626502,-0.0205208,0.825906
0.160014,-0.14969,0.795364
0.503781,0.262693,1.06829
-0.387789,0.646003,0.0990314
-0.26103,-0.432576,0.897258
-0.792725,0.414537,0.313623
0.10388,-0.478424,0.888194
0.450531,-0.0208361,1.00633
-0.434009,0.166052,1.07054
0.482433,0.312193,0.982747
-0.205092,-0.21998,-0.14985
-0.579235,0.445676,0.706586
0.121179,0.343918,-0.248936
-0.16548,0.294202,1.02321
0.086776,0.276237,1.06998
0.709193,0.221704,0.24272
-0.353981,0.611446,0.724041
-0.181429,0.320356,0.834416
-0.254693,0.68848,0.711436
0.0870198,-0.405419,0.683172
-0.317505,-0.0607535,1.16501
-0.379285,0.666563,0.0370753
-0.0595918,0.775662,0.333486
-0.674412,0.522821,0.250534
-0.63835,-0.0657541,0.982179
-0.429013,-0.386766,1.01473
0.298474,0.561411,0.160211
-0.391008,0.215176,0.167859
-0.28982,-0.325818,0.940461
0.468429,0.00280131,0.632876
-0.717052,0.422668,0.454357
-0.432864,0.333067,0.417208
0.541177,0.318102,0.532503
-0.800663,0.0631865,0.309545
0.201024,-0.461651,0.757716
0.596773,0.670374,0.32782
-0.48851,0.520208,0.216916
0.690078,0.35375,0.814194
-0.335151,0.638003,0.653227
0.452577,-0.137923,0.928015
0.0934328,0.818172,0.349343
0.30634,-0.242572,0.76739
-0.394657,0.0780361,0.952059
0.0473203,0.500023,1.03171
-0.15627,0.605681,0.637439
-0.248109,0.0445789,0.95372
-0.498641,0.194769,-0.175092
0.426712,0.307884,0.844774
-0.556279,-0.222043,0.975018
0.644469,0.0866567,0.613741
0.124425,0.0256876,1.13272
0.0892343,0.783644,0.183201
0.154738,0.242091,1.07048
0.391289,0.227054,0.437646
0.128728,-0.487547,0.697597
-0.221058,-0.122964,1.22828
0.56519,0.218867,0.821301
-0.388815,0.281014,0.391661
0.250355,-0.307345,1.0373
0.28754,0.635488,0.413086
-0.0627939,-0.0115354,1.23017
0.732453,0.0356844,0.0496885
-0.749317,0.218414,0.533784
0.420177,-0.0592766,1.12351
-0.559245,-0.491086,0.770368
0.023236,0.103608,1.17573
-0.776637,0.0130473,0.749546
-0.00497001,0.0993603,1.23918
0.674312,0.233248,0.618871
0.19204,0.567088,0.928059
-0.0078409,0.640223,0.313681
0.517592,-0.15691,0.707959
0.74979,0.424798,0.4493
-0.0441877,0.237005,1.19604
0.0970731,0.0296341,0.937877
-0.332841,0.0942539,1.18955
-0.522306,-0.0953087,0.179489
0.23803,0.103539,1.18761
0.165196,0.0383891,1.15773
0.410236,0.185535,1.10515
-0.149086,0.873387,0.453649
-0.135653,-0.401601,0.699382
0.356951,0.330142,0.498306
0.512513,0.19272,0.281494
-0.508882,0.561483,0.582935
0.427531,0.0521837,0.816259
-0.0701545,-0.00032461,1.19415
-0.655346,0.197794,0.903458
0.552935,-0.0968874,0.265744
-0.0617286,0.744272,0.528843
-0.0949647,0.257698,1.07666
-0.798717,0.287473,0.657775
-0.16468,0.240273,1.09562
0.104971,0.415247,0.831481
0.00699504,0.574909,0.109143
-0.265466,-0.337871,0.189743
-0.607469,-0.231832,0.967367
0.45123,0.0506575,0.24763
-0.711821,-0.0921284,0.0960781
-0.0475195,0.3163,1.14788
-0.377637,0.160549,0.836938
0.0613822,-0.260712,1.07424
0.253136,0.16104,1.01884
-0.406879,-0.402247,1.02492
-0.756703,-0.0814341,0.375109
-0.170993,0.346735,1.01123
0.209047,-0.316271,0.802798
-0.268735,0.0265053,1.08945
0.475524,0.628308,0.617493
-0.611361,0.085271,0.153667
-0.330549,-0.14895,1.038
0.00443768,-0.450827,0.681161
-0.0993625,-0.454495,0.816557
0.0261294,0.312683,0.824583
0.402965,0.486357,0.0860089
-0.371272,-0.251421,0.846141
0.429197,0.41534,-0.0205498
0.325274,-0.27264,1.10536
0.475032,0.0494401,0.708306
-0.0209577,0.189356,1.23652
0.0265207,0.548932,1.0201
-0.183794,-0.232242,0.744496
0.166978,0.443599,-0.194875
-0.326211,-0.66397,0.663014
-0.18756,0.167627,1.05665
-0.268296,0.364857,0.929457
-0.375837,0.698822,0.428533
0.490028,0.389188,0.653003
-0.137279,-0.225132,0.843371
-0.521382,0.553002,0.666468
-0.327071,-0.543898,0.0993786
0.491335,0.625159,0.345024
-0.402806,0.0296125,0.647244
-0.528009,0.088639,0.77854
0.0633919,0.68468,0.692494
-0.331647,0.460392,-0.117521
-0.327564,0.236546,1.15539
0.509618,-0.216492,0.793237
0.1187,-0.0547455,1.03013
0.33571,0.326777,0.472373
-0.0405284,0.61832,0.910525
0.573522,-0.12894,0.672418
-0.545005,0.498594,0.449181
0.366328,0.7188,0.356509
-0.269643,0.551522,-0.132856
0.130363,-0.399034,0.539251
-0.381602,0.188223,0.964279
-0.6955,-0.189898,0.753047
-0.427148,0.268163,0.0612515
-0.179639,0.050536,1.12132
0.108042,-0.367113,0.897557
0.296313,0.608952,0.293389
0.10708,-0.366807,1.16239
0.0752723,0.600511,0.586868
-0.639947,0.512244,0.200673
0.344967,0.750792,0.247985
-0.509089,0.55953,0.265454
0.0965988,0.670203,-0.0679318
-0.452116,-0.182239,0.902019
-0.420701,0.541828,0.474883
0.388565,0.508216,0.531876
-0.666904,0.233197,0.360935
0.45309,-0.194531,0.78289
0.482741,0.108559,1.06552
-0.0510545,0.248079,1.19449
-0.0498866,0.510976,0.14679
0.651711,0.180295,0.814764
0.483923,0.102962,0.870008
0.0653012,0.320734,0.901717
-0.0710398,0.365151,0.575612
0.282897,-0.24605,1.04372
0.436656,0.470617,0.900949
0.414242,-0.346767,0.516534
0.256416,-0.318346,0.936986
-0.122346,-0.157044,1.2087
0.155834,0.41576,1.07337
-0.260929,0.121093,1.01006
-0.205917,-0.201871,1.04961
0.080525,0.76207,0.294572
0.0272337,0.818087,0.569905
-0.262303,-0.00718065,1.14983
0.042748,0.730588,0.749541
-0.46254,0.0396507,-0.254143
-0.485895,0.224822,-0.0670582
0.294145,0.430382,0.14054
0.149313,-0.573554,0.419845
0.269885,0.412453,-0.165645
-0.215434,0.712477,0.091685
0.0416843,0.308607,1.04902
0.120065,0.431443,0.548729
-0.257024,-0.410227,0.0419384
0.139625,-0.191593,1.06455
-0.423032,0.434925,1.02952
0.818955,0.308043,0.477743
-0.16674,0.711047,0.586563
-0.284045,0.734897,0.0803635
-0.808425,0.134985,0.723655
-0.143948,0.126148,1.20598
-0.00608325,0.441265,0.365786
-0.0792903,0.0268647,1.25163
0.608112,-0.0427439,0.645944
0.878056,0.283128,0.316868
-0.0119409,0.118681,1.2341
0.506611,0.617154,-0.0468664
0.239894,0.639055,0.699285
0.252164,0.750144,0.767972
-0.0932201,-0.00783742,1.15877
-0.00439427,0.364666,1.11084
-0.772582,0.308173,0.549267
0.357965,0.377196,0.109505
-0.23821,0.350705,1.08258
-0.493543,0.363209,0.267812
0.460191,-0.214146,1.01233
0.116644,0.669558,0.634748
0.339796,0.271322,-0.0857236
-0.0268441,0.28724,1.19882
-0.613198,0.578572,0.282936
0.0416263,0.0453774,1.25599
-0.3935,0.47781,0.814635
-0.357383,-0.288288,0.638512
-0.00523368,-0.112141,1.2209
0.497814,-0.29837,0.571757
0.169539,0.808122,-0.0138248
-0.531857,0.547995,0.616865
0.120934,-0.421574,1.05048
-0.208013,0.604,0.472319
0.208536,-0.336528,0.86091
-0.419464,-0.275505,0.733339
0.307466,0.126313,0.3867
0.266606,0.740771,0.776677
0.0752726,0.780193,0.656372
-0.101062,0.22067,-0.218175
-0.436511,0.558595,0.896115
0.0357057,0.544898,0.665794
-0.154652,0.768272,0.405078
-0.359399,-0.316043,1.05335
0.327638,0.503568,0.430713
0.187221,-0.0739287,1.2217
0.06105,0.707074,0.872228
0.37414,-0.172088,0.217465
-0.78628,0.139476,0.729048
-0.0565651,-0.329286,1.09299
-0.387207,0.663398,0.0122294
-0.157278,0.620912,0.455749
-0.574216,-0.0562108,1.05099
0.29724,0.473623,0.676879
0.39762,0.378178,0.939197
-0.47698,0.478499,0.601567
0.279593,-0.389309,0.831344
0.139638,0.472005,1.05292
0.395915,-0.075543,0.680149
-0.681222,0.159671,0.780256
0.203886,-0.303607,0.717913
0.0579591,-0.0174055,1.20963
0.130858,0.613682,0.439546
0.411711,-0.0540353,1.05904
-0.637323,0.212106,0.378201
-0.553828,-0.412509,0.657697
0.24175,0.334685,0.867955
-0.249548,0.579607,0.803517
-0.150011,-0.225837,1.06048
-0.443104,0.383804,1.01732
0.357733,0.372523,-0.00370582
0.344316,-0.189538,0.440802
0.0428767,-0.150484,0.700528
0.0237689,-0.333182,0.993141
-0.467856,0.0117568,0.536268
0.54566,0.605012,0.615041
-0.437301,-0.227081,0.576834
-0.600698,0.13824,0.835074
-0.210595,0.162718,1.19387
0.162091,0.682236,0.511764
0.315882,-0.202387,0.809644
-0.0961254,0.0796186,1.15596
0.0192545,0.475628,0.834936
-0.403755,-0.213394,1.12725
-0.0175396,0.522458,0.643343
-0.194495,0.560373,0.231503
-0.150298,0.133055,-0.101536
-0.145257,0.730293,0.0540918
0.102709,0.211887,1.20445
0.333001,-0.179011,0.916714
0.249907,0.320098,0.0810103
-0.871307,-0.0995657,0.308727
-0.386945,0.306395,1.05403
0.17992,0.383523,1.00421
-0.505426,-0.0311101,0.171771
0.203521,0.20924,1.01466
0.0697436,-0.236718,0.874047
0.579678,-0.0419751,1.04955
-0.844726,-0.17588,0.158352
0.104575,0.210052,1.23449
-0.552377,0.0975578,0.975281
-0.00212874,0.0100758,1.19858
-0.257318,-0.100962,1.03968
0.27544,0.525871,0.597328
0.205124,0.858562,0.537606
0.502686,0.0864496,0.6196
0.344473,0.195519,1.08952
0.556275,0.251681,1.01242
0.484642,0.0616368,0.40731
0.497679,0.0950668,0.141303
-0.390187,0.285348,0.94152
0.360807,-0.200676,1.04438
-0.311271,0.448838,0.465057
-0.0539718,0.169946,1.04168
-0.310024,-0.0310524,0.701303
0.317832,0.348888,-0.0573684
-0.0582313,0.830528,0.154781
-0.775915,-0.0226791,0.841629
0.793502,-0.0810318,0.627256
0.165118,-0.628288,0.618423
-0.336683,-0.627512,0.30743
-0.608988,0.388928,-0.0246802
0.236934,0.108814,1.15466
-0.383475,0.592802,0.69357
0.30799,0.719438,-0.0499861
-0.509799,-0.264414,0.212197
-0.558203,0.501205,0.494283
0.473708,-0.160635,0.679409
0.23325,0.759862,0.636324
-0.224566,0.311952,1.11621
0.345755,0.0862749,0.618742
0.0773115,0.678032,0.647883
0.0685523,0.174689,-0.089366
0.557145,-0.0681763,1.07129
-0.00938887,0.267793,0.982517
0.0446838,0.192052,1.22063
-0.378293,-0.355981,0.925157
0.0488731,-0.172961,1.22038
-0.477801,0.733849,0.150793
-0.218069,-0.272043,1.156
-0.435479,-0.132069,0.859105
-0.581402,-0.27096,0.80878
-0.704769,0.191632,0.429158
0.639278,-0.00830673,0.90012
0.25792,0.279942,0.0669382
0.284555,0.499427,0.822659
-0.0578325,0.15032,1.06343
-0.760209,0.485005,0.178417
-0.0421405,0.75228,0.474888
0.451193,0.45424,0.984984
0.380136,-0.0085623,0.766416
-0.0657354,0.682498,0.776434
-0.709326,0.224849,0.477717
-0.0442884,-0.238494,0.967822
0.109561,0.646843,0.698866
0.541972,-0.357476,0.976598
0.642524,0.297069,0.749114
-0.0246134,0.549956,0.91684
0.9022,-0.16145,0.445856
0.206007,0.698532,0.688145
-0.096702,0.516061,0.544793
0.481379,0.0948622,1.11668
0.410703,0.314799,0.334499
0.241269,0.175136,1.21034
-0.507058,0.0977601,0.310984
0.10413,0.380093,-0.0631404
-0.2097,-0.324708,0.741342
-0.382856,-0.597668,0.487933
-0.589905,-0.13866,0.550883
-0.140775,0.149181,1.08582
-0.406783,0.491189,0.702833
-0.115113,0.0395149,1.08751
-0.511281,0.575997,0.418885
-0.43597,0.017542,0.861647
0.533169,-0.434865,0.677319
0.687762,0.212455,0.875102
0.224635,0.221288,1.16516
0.753489,0.449713,0.182344
-0.483555,-0.286013,0.912246
-0.218187,0.292638,1.16139
0.661954,0.523994,0.532779
-0.552592,0.0671281,0.777409
-0.231658,-0.0766549,0.889143
-0.445555,0.645317,0.810184
0.210231,-0.441566,0.4632
-0.226062,-0.469478,0.618336
-0.564632,0.23316,-0.113154
0.682698,0.494358,0.42082
-0.0390626,0.117733,1.21211
-0.0173265,-0.449153,0.94697
0.332968,-0.109927,0.749348
0.166217,0.411432,0.928499
0.259319,0.288978,1.04984
-0.476802,0.412237,0.841075
0.256273,0.619713,0.400216
-0.442316,-0.491451,0.487884
0.0836089,0.147739,1.22321
0.454257,0.251388,0.283425
0.368012,-0.196221,0.56119
0.21119,0.726784,0.259156
-0.349872,0.725321,0.298728
0.0393515,0.685194,0.0759073
-0.290508,0.433302,-0.146566
-0.495178,-0.197742,0.897325
0.688035,0.466651,0.559063
0.415489,0.472069,-0.013063
0.122845,-0.506957,0.691945
-0.0635722,-0.525777,0.54842
-0.495418,-0.50234,0.50798
-0.691846,0.132776,0.522076
-0.446568,0.592768,0.60653
0.252554,-0.376952,0.774413
-0.141268,0.0582548,0.920871
-0.243014,-0.173151,1.13579
0.546382,0.278793,0.75352
0.393994,-0.0214618,0.962892
-0.850393,0.113029,0.412265
-0.52705,0.46462,0.441731
0.123599,0.838252,0.548783
0.79834,0.326935,0.188755
0.493868,-0.191769,0.629401
0.25147,0.109027,0.755061
-0.286765,0.232493,1.01602
0.783407,-0.0177067,0.274039
-0.146562,0.00706937,1.21078
0.396126,-0.00139669,0.580382
0.613368,0.615059,0.0943346
0.40578,0.370491,0.769911
0.133073,-0.229446,0.864339
-0.18331,-0.0679743,0.782349
0.513512,0.212315,0.373942
0.408548,0.67282,0.711754
0.49978,0.576243,0.138381
0.168259,0.171911,1.21351
0.310094,0.575798,0.892603
-0.823155,0.102658,0.354066
0.308391,0.226909,0.973861
0.129599,-0.256163,0.833729
-0.202648,-0.126843,1.09956
0.600505,0.422166,0.329602
-0.161938,0.696017,0.751729
-0.472312,0.2107,1.07778
-0.127089,0.140336,1.22816
-0.419818,0.779151,0.458466
-0.901199,-0.0607223,0.283361
0.353549,0.490658,0.505713
-0.137372,0.117191,1.17875
-0.238994,-0.595314,0.313623
-0.249783,0.221845,0.988251
-0.256464,0.65977,0.825992
0.398662,-0.268578,0.926564
0.370244,0.14618,1.10664
0.353655,0.0706957,-0.0507122
0.854801,-0.0139813,0.122045
-0.742395,-0.374972,0.440303
0.180014,0.740709,0.1639
0.123401,-0.646535,0.841496
-0.0406405,-0.514019,0.592214
0.43276,0.25817,0.712742
-0.070193,0.394738,0.804666
0.09131,-0.413633,0.0521251
0.107695,-0.0772583,1.22959
-0.741781,0.00939382,0.0616787
0.465668,0.605705,-0.0135506
0.0281592,-0.00186766,1.19848
-0.113295,0.196494,1.20159
0.532119,0.490554,0.642789
0.197189,-0.402083,0.690538
0.224287,-0.334941,0.993827
-0.456707,0.0834366,0.858267
0.525323,0.08292,0.194293
-0.504145,0.228711,0.61094
-0.43959,0.722169,-0.0223176
-0.0458133,0.537105,-0.00469915
-0.0925737,0.68682,0.69672
0.0286019,-0.0374763,1.26385
-0.0214951,-0.556084,0.330783
0.441396,-0.0899833,0.90126
0.015993,0.384627,-0.18202
0.0420896,0.508558,0.871904
-0.122698,0.875219,0.502827
0.394475,-0.140473,0.83597
0.211226,-0.167786,0.877551
0.266571,-0.525702,0.666354
-0.231405,-0.387978,0.861603
-0.0618131,-0.129004,1.12289
0.686973,0.22404,0.558362
0.152816,-0.152124,1.21953
0.069074,0.0757982,0.889581
0.223325,0.155414,0.935466
0.123231,0.233989,1.12061
0.567023,0.670268,0.532793
0.360892,0.527407,0.462389
-0.594649,-0.391711,0.281543
-0.211576,-0.311953,0.764282
0.141039,0.815191,0.621524
0.00606484,0.758098,0.530781
0.163071,0.456965,0.596368
-0.302832,0.466732,0.0247789
0.395883,0.652353,0.293378
-0.00388361,-0.57715,0.705307
-0.0449484,-0.333408,0.799999
0.314339,-0.0657108,0.055782
-0.258564,0.193833,1.04568
-0.226812,-0.289478,1.11881
0.601669,0.431534,0.272649
0.808352,-0.0819726,0.681128
-0.158813,0.408962,0.86425
0.356417,-0.43798,0.438688
0.613751,-0.141445,0.174341
-0.849745,-0.252769,0.0887919
-0.590572,-0.552254,0.478636
-0.146302,0.598363,0.261303
0.670753,0.282209,0.886774
-0.259696,0.607226,0.7803
-0.166549,0.399836,1.13934
-0.115199,0.52939,0.762724
0.083131,0.662292,-0.0769362
0.16246,0.581473,0.424199
-0.191484,-0.232839,1.13222
0.596424,0.236269,0.592599
-0.419792,0.462841,0.956499
0.270095,-0.103734,1.12471
0.103371,-0.557582,0.777914
0.205124,-0.22443,0.448585
-0.193417,0.0650132,1.19317
0.143385,0.810086,0.637309
0.323388,0.773699,0.627583
0.621864,-0.00670273,1.00427
-0.35037,0.540187,-0.131044
0.523691,0.537379,0.0855726
-0.323943,-0.127408,1.17924
0.761455,0.179377,0.425099
0.27246,0.178712,1.20528
-0.650974,0.35006,0.475288
-0.278196,0.520023,0.287094
0.272425,0.534439,-0.0886077
-0.130726,0.0413446,1.1861
-0.082006,-0.0504343,1.18762
0.0584693,0.226574,1.16337
-0.629551,-0.31644,0.918853
0.23394,0.16639,1.1036
-0.211087,-0.0133364,1.1486
-0.657005,0.514333,0.525782
-0.482433,0.402374,0.736437
0.248997,0.335472,0.911072
0.374426,0.469426,0.522051
-0.601526,0.386782,0.329162
0.348241,0.57315,0.837372
-0.0279184,-0.191603,1.1612
-0.220816,0.486967,0.891508
0.203806,-0.550784,0.717258
-0.489964,0.495389,0.820892
0.130442,-0.21927,0.7955
0.217438,0.0903041,0.806325
0.644259,0.140719,0.812411
0.270136,-0.340812,0.139512
-0.159425,-0.11251,1.04876
0.550294,0.0470442,0.541304
0.445501,0.491957,0.745645
-0.327356,-0.402738,0.972917
0.326943,0.0758656,1.20136
0.396972,0.655952,0.660682
-0.787271,0.0164861,0.39888
0.197242,-0.0905759,1.22872
0.209052,0.396174,0.90755
-0.0284241,0.329523,1.02082
-0.0920225,0.228782,1.201
-0.340859,0.0176597,0.412707
0.530334,0.355418,0.990491
-0.15764,-0.0974951,0.933046
0.396083,0.334765,0.946964
0.172743,-0.491739,0.844927
-0.13003,-0.293193,0.687672
0.712777,0.498345,0.601204
0.137406,0.689289,0.379235
-0.211041,0.457468,0.828023
-0.300501,0.692554,0.545064
0.328087,0.460459,0.643198
0.0314412,0.529577,0.975206
-0.555191,0.227139,0.904073
-0.122065,0.174189,1.19036
0.1878,0.107224,1.03124
0.183763,-0.0166665,1.0023
0.0443745,0.0545223,1.25568
0.299362,0.625983,0.613296
-0.229178,0.540471,0.756676
-0.697079,0.338246,0.628288
0.517574,0.19455,0.923325
-0.32688,0.36881,0.964976
0.438182,-0.244676,0.128899
0.219009,0.0970782,1.08324
0.181669,-0.266083,1.12482
0.283876,-0.407696,0.544802
-0.510641,-0.194855,0.765567
-0.749393,-0.0473861,0.440544
0.0639336,0.684111,0.873547
-0.216431,0.700999,0.200696
0.277562,-0.0373514,1.12121
0.371258,0.763112,0.700497
0.371316,-0.0507709,0.749898
0.382489,0.382402,0.909181
0.155173,-0.0319887,1.19765
0.253004,0.138577,1.02805
-0.670858,0.363105,0.825298
0.0886159,0.669746,0.844598
-0.719227,0.31077,0.188296
-0.447044,-0.294531,0.404418
0.708938,0.241534,0.532855
0.364079,0.753651,0.734074
-0.709008,-0.0578666,0.660492
0.396359,0.710359,0.553045
-0.107249,0.33244,1.19492
0.646156,-0.07521,0.549455
-0.131845,-0.413489,1.07
-0.106554,0.139153,0.837111
-0.62355,-0.299966,0.81219
0.252107,0.560545,0.884863
-0.721508,0.189418,0.557385
0.170315,-0.384393,1.03468
-0.0700505,0.406602,1.14559
0.0915014,0.150242,1.06473
-0.0310135,0.67077,0.108427
-0.353261,-0.538877,0.673988
0.730386,0.136001,0.56781
0.228704,0.617202,0.796332
0.441746,0.590677,0.852495
0.0964197,-0.332758,1.13977
0.233905,0.714792,0.633865
0.260586,-0.382861,0.507773
-0.219371,-0.0492573,1.04849
-0.58009,-0.633323,0.630579
0.172866,0.771007,0.0834782
-0.0156388,0.579228,0.758807
0.397399,0.793053,0.303821
-0.179737,-0.00209411,1.10938
0.33932,0.449907,0.245676
0.142529,-0.51539,0.590919
0.464468,0.0989928,0.215298
0.261758,-0.301769,1.14344
0.547176,0.359405,0.472046
-0.683966,-0.0476229,0.653513
0.411846,-0.362918,0.306426
0.344678,0.33226,1.03365
0.523241,-0.21139,0.883892
-0.320179,0.424324,0.968814
0.642774,0.397318,0.647758
0.102096,0.247474,0.174618
0.184057,0.282563,1.18429
-0.808069,-0.170907,0.210164
0.361812,-0.0755204,0.455105
-0.593912,-0.0115705,0.836214
0.197053,-0.00763715,1.20533
-0.0121895,0.716145,0.737854
0.0575368,-0.421181,0.90395
0.0018572,0.583277,0.953371
-0.386324,0.645208,0.121983
-0.387376,-0.112577,0.248438
-0.568257,-0.46142,0.232338
0.396926,0.197665,0.95928
-0.0837292,0.0649649,1.22376
-0.345037,-0.127781,0.976568
-0.625879,0.630992,0.32535
-0.541176,0.348128,-0.119405
0.556835,0.508889,0.759966
-0.442355,0.364814,0.557144
0.38661,0.686327,0.447818
-0.0304744,0.0672955,1.25842
0.063844,0.684385,0.888961
-0.0616185,0.315705,-0.189765
0.0768528,0.295487,1.20496
0.636805,0.389883,0.0994435
-0.171885,0.862601,0.628723
0.446469,0.770731,0.486793
0.375486,0.194905,0.906578
-0.357458,0.508076,0.78099
-0.238784,0.803253,0.656116
-0.710711,0.339135,0.457421
0.456478,0.0304893,0.741232
-0.531736,-0.409367,-0.0141579
0.248888,-0.25468,0.724393
0.29901,-0.103766,0.926374
0.0792845,0.520067,-0.0468991
-0.0886702,0.257376,-0.304792
0.0524967,0.19529,1.00458
0.592658,-0.312766,0.947075
0.336559,-0.0140818,0.767154
0.20625,-0.173897,0.860814
0.523039,0.447113,0.722061
0.106064,0.1706,1.22156
-0.0724734,-0.36314,0.836452
-0.187547,0.189196,0.943568
-0.0836343,-0.305058,0.804626
0.144382,0.734955,0.398042
0.18924,-0.437342,0.700924
-0.0460021,0.73389,0.276151
-0.166882,0.154981,1.18293
0.42758,0.501772,0.568554
0.0131146,-0.437866,0.120971
0.00196738,0.0309252,1.23782
-0.543908,0.320589,0.0961856
0.667278,-0.257951,0.837596
0.418616,0.675029,0.619731
0.156117,0.131903,1.07506
-0.126106,0.163618,1.18113
0.424645,0.240612,-0.154324
-0.77024,0.148,0.487397
-0.393625,0.3126,0.535686
0.0660363,0.373009,0.836976
0.120178,-0.299912,0.892154
0.219766,0.376775,0.932828
-0.402027,0.0903532,1.09654
0.370259,-0.0840535,1.1136
-0.11454,0.701769,0.852737
0.433378,-0.0123685,1.07294
0.839191,0.196412,0.44641
0.284675,0.274951,1.14643
-0.212864,-0.00962252,1.11912
-0.251867,0.827933,0.192508
-0.486867,-0.498481,0.901688
0.650711,0.461503,0.455281
0.0500861,0.477242,0.958136
0.500335,0.100768,0.876593
-0.35209,-0.264395,1.00016
-0.628172,-0.0845181,0.714655
-0.010574,0.0563631,1.23991
0.285373,0.667571,0.811971
0.0707658,-0.0616178,1.09312
0.332324,0.444377,1.00112
0.462597,-0.175102,0.575598
-0.580569,-0.199401,0.898365
0.179626,0.292203,-0.112428
-0.328839,0.749941,0.629946
-0.0280458,0.0892063,1.17356
-0.0666315,0.0726211,1.23819
-0.526611,-0.453406,0.904648
0.791708,0.131292,0.365624
-0.245217,0.328473,-0.0299021
-0.554404,-0.237308,0.803796
0.053074,0.277198,0.564708
0.384224,-0.299464,1.00181
-0.718487,0.539392,0.365169
0.157285,0.455522,0.222435
0.0204978,0.150046,1.00106
-0.0693254,-0.108813,1.2344
-0.476147,0.291551,0.00465782
0.18529,0.415226,0.886956
0.0626892,0.649752,0.530363
-0.404643,0.183487,1.10343
0.370431,0.636747,0.563968
0.665828,0.090266,0.906798
0.0998602,0.639364,0.370086
-0.73771,-0.00467712,0.598907
-0.171665,0.304057,1.04978
-0.0640352,-0.441538,0.926269
0.546578,0.256294,0.95477
0.146044,0.437838,0.528277
0.543291,0.13213,0.367418
-0.641671,0.589962,0.190255
0.268413,-0.309087,1.12953
0.208841,0.542279,-0.0823385
0.0149728,0.421601,0.839049
-0.817498,0.372942,0.295987
0.388141,0.612972,0.812983
-0.0966814,0.468994,0.468447
-0.20545,0.746258,0.144853
-0.164367,0.141047,-0.161193
-0.596653,-0.247825,0.9849
-0.237497,-0.612571,0.44949
-0.228002,0.562379,0.712141
-0.66532,0.554554,0.155164
0.020468,0.31499,1.1521
-0.029623,-0.195416,1.19278
0.0512691,0.300454,1.14
0.474331,0.0290177,0.890008
-0.147664,0.182104,1.21437
0.227951,-0.206358,1.09381
0.159675,-0.240547,1.04667
-0.0670815,-0.472376,0.786264
-0.13149,0.463126,-0.154716
0.188434,-0.229125,0.44542
-0.662021,0.526911,0.370569
-0.0487293,-0.430485,-0.0311257
-0.0236322,0.214163,1.0294
0.110647,0.193451,0.899067
-0.162849,-0.354896,1.10151
0.325604,-0.156343,1.09547
-0.535202,-0.348259,1.00609
0.00111222,-0.136162,1.11112
-0.253851,0.243969,0.964862
0.272663,-0.487545,0.815784
0.0640303,0.20337,0.965439
0.123498,0.121407,1.23801
0.477225,0.563318,0.478188
-0.299974,-0.330073,1.03213
0.299913,-0.10945,1.14531
0.458468,0.583133,0.811748
0.278443,0.778634,0.440043
0.330502,0.0552116,0.607615
0.155442,-0.00673655,0.830092
-0.121441,0.487872,-0.0429369
-0.649889,-0.39667,0.866698
-0.649482,-0.0480142,0.949323
0.442788,0.559311,0.0748992
-0.462446,0.500589,0.697674
0.216829,0.404993,0.958526
-0.502878,0.287335,0.947129
0.247132,0.246081,0.402223
0.0953892,0.0958754,1.238
0.0882938,0.0237208,1.25244
0.476644,0.178711,0.474953
-0.033252,-0.196453,0.680886
0.470533,-0.162982,0.944346
0.15475,-0.0923613,1.14251
0.55097,-0.0923215,0.691124
0.132385,-0.0563055,1.02721
0.45445,0.0730735,0.260794
0.48663,0.485738,0.200584
0.487117,-0.127113,-0.0731253
-0.753093,-0.212289,0.380947
0.0526273,0.626224,0.523346
-0.399386,0.615574,0.207828
-0.559429,-0.1162,0.881701
-0.0465656,0.779704,0.566161
0.43922,0.418087,-0.0778646
0.61178,0.165722,1.00079
-0.169465,-0.0476495,1.07952
0.145649,-0.385926,0.669359
0.0831676,0.0205934,1.13767
-0.479421,-0.0622955,0.295884
0.18253,0.350859,1.14911
0.367667,0.14594,0.662252
-0.754513,0.519506,0.455951
0.134742,0.387784,1.15712
0.251123,-0.122412,0.960325
0.107814,0.283785,1.13515
0.666726,0.297129,0.708125
0.299904,0.501493,0.779231
-0.255855,0.590366,0.680338
-0.111995,-0.111092,1.16941
-0.45977,-0.326046,1.01871
-0.381485,0.275529,0.227813
0.0959433,-0.219156,1.17687
-0.192868,0.315573,1.10666
-0.315099,0.674027,0.647963
-0.267145,-0.27895,0.787726
-0.481498,0.373696,0.792874
-0.210155,0.758958,0.671671
0.615872,0.298326,0.0806423
0.587802,0.521602,0.491296
0.12415,-0.253895,0.8031
-0.0700706,-0.0889358,1.24598
0.118504,0.485833,0.651527
-0.112121,0.53786,0.378872
-0.149106,-0.120264,1.20709
-0.464872,0.393776,0.939136
-0.612012,0.518422,0.795027
0.236056,-0.216708,0.783598
-0.394115,-0.112793,0.987076
-0.0821111,-0.374511,0.969557
0.499363,-0.39966,0.757005
0.49462,-0.072004,0.889527
0.0882941,0.248118,1.02693
0.271369,0.761886,0.723486
0.380931,-0.31791,1.05386
0.272613,0.480131,-0.0950146
-0.36058,0.216269,0.724394
-0.469975,0.285183,-0.00779217
-0.137903,0.302175,0.483037
-0.20459,0.273874,-0.10007
0.58759,-0.262788,0.495174
-0.482924,0.164944,0.97471
0.105497,0.840026,0.42622
0.111063,-0.128835,1.17171
0.237026,0.128387,1.11008
0.196883,0.602003,0.597285
0.318858,0.247866,0.239981
0.400112,0.510735,0.672234
-0.258187,0.552627,-0.067805
-0.129651,0.594293,0.859045
-0.0890082,0.585724,0.745786
-0.273967,0.00732762,1.06021
-0.557544,-0.445345,0.727979
-0.0148578,0.50383,-0.179358
-0.518512,-0.271265,0.265124
0.557783,-0.0487343,0.320112
0.544087,0.556854,-0.0835893
-0.107446,-0.602668,0.499335
0.310136,0.0375303,0.685312
0.394714,0.786589,0.599868
0.873866,0.128807,0.185528
-0.28644,-0.375929,0.0575106
-0.345974,0.727299,0.778566
-0.391675,-0.476093,0.88159
0.734856,0.255119,0.443385
0.602443,0.333459,0.120486
-0.26517,-0.283608,1.08109
-0.722297,-0.155727,0.536156
-0.183289,0.726637,0.326436
0.487842,-0.040982,1.06994
0.536008,-0.265775,1.02884
0.0999574,0.840581,0.487489
0.20616,0.571729,1.01822
-0.16892,-0.43763,0.645595
-0.192598,0.510608,0.38185
0.0131783,0.40061,0.82166
0.0396771,-0.203893,1.07107
0.808083,0.179019,0.317443
-0.275987,-0.226938,1.14239
-0.0610746,0.798853,0.670927
-0.375569,0.815616,0.461257
0.510924,0.671667,0.243045
-0.169451,0.755498,0.740975
0.116211,0.468095,0.84887
-0.340783,-0.0811991,0.394521
-0.561506,-0.176415,0.130123
-0.624421,-0.211548,0.499722
0.156694,0.302131,-0.128217
0.304668,0.718902,0.566433
-0.0874908,0.172415,-0.188973
-0.0517038,0.189005,1.20868
-0.0781168,0.299055,0.188979
-0.592346,-0.137774,-0.0670061
0.000874142,0.210555,1.2071
0.549214,0.419113,0.692674
-0.138991,-0.15289,1.23606
-0.429627,-0.222351,1.08805
0.635428,0.561723,0.361494
0.0178893,-0.161282,0.0105104
0.144293,0.446364,0.883872
0.601347,-0.0214885,0.534456
0.106107,0.0914699,1.23592
0.454398,0.161928,0.597686
0.143798,0.15575,1.02626
-0.0802624,0.589695,0.185651
-0.305163,-0.273887,1.06327
-0.116307,0.386255,1.09463
-0.409358,-0.255274,0.485878
-0.332839,-0.0922281,1.15826
-0.077795,0.593357,1.04629
0.635793,-0.206086,0.914947
0.564314,0.463828,0.213235
-0.608408,0.341639,0.513115
0.100542,0.316741,1.06491
-0.112375,0.644308,0.568092
0.260725,0.660072,0.515634
0.108154,0.220313,1.1393
-0.0171047,0.828348,0.659589
0.083893,-0.152375,0.823895
0.191604,-0.0452546,1.16474
0.704699,0.109478,0.107497
-0.448653,-0.335955,1.07421
-0.234517,0.2044,1.18482
-0.483733,-0.278261,0.217926
0.410169,0.255263,0.558662
-0.159428,-0.150218,1.22087
-0.583812,-0.22454,0.938302
0.125219,0.81317,-0.0383767
-0.215868,-0.124512,1.17935
-0.737808,0.222577,0.40847
-0.0567907,0.402086,0.888458
-0.0666965,0.03577,1.25715
-0.574406,0.41426,0.752172
0.3477,0.503302,0.947265
-0.146734,0.500002,0.547368
-0.511472,-0.400804,0.60679
0.622787,0.185557,0.209975
0.43087,-0.280955,-0.152178
0.510907,-0.144226,0.222832
0.276875,0.333785,0.117074
-0.603275,0.15267,0.761245
0.675142,-0.0849857,0.805757
-0.0441145,0.815388,0.607807
-0.199434,0.822791,0.612571
-0.202737,-0.0987421,1.17497
-0.00819179,0.343033,0.217861
-0.0993786,-0.267423,1.16178
0.561919,-0.325762,0.467088
0.0642073,0.619163,0.809989
0.355483,0.618552,0.389083
-0.00419987,0.127815,0.895153
0.517636,0.171969,0.526128
-0.244856,-0.0492242,1.23159
0.462702,0.126058,1.01682
0.494882,0.0779722,0.927744
0.766542,0.174492,0.620516
-0.32988,0.0784879,0.24516
0.231592,0.345178,1.05807
-0.381817,0.633541,0.573075
-0.0434364,-0.466204,1.10458
-0.609548,-0.458594,0.57206
-0.333357,0.223817,0.192767
